instance,step,element,color,ldraw,x_studs,y_studs,bottom_z_plates,width_studs,depth_studs,yaw_degrees,parent_frame,ldraw_origin,ldraw_matrix
P0001,1,303626,Black,3036.dat,0,0,0,6,8,90,,60.0 -8 80.0,0.0 0 1.0 0 1 0 -1.0 0 0.0
P0002,1,4210794,Dark Bluish Gray,3036.dat,6,0,0,6,8,90,,180.0 -8 80.0,0.0 0 1.0 0 1 0 -1.0 0 0.0
P0003,1,303626,Black,3036.dat,12,0,0,6,8,90,,300.0 -8 80.0,0.0 0 1.0 0 1 0 -1.0 0 0.0
P0004,1,4210794,Dark Bluish Gray,3036.dat,18,0,0,6,8,90,,420.0 -8 80.0,0.0 0 1.0 0 1 0 -1.0 0 0.0
P0005,1,4210794,Dark Bluish Gray,3036.dat,0,8,0,6,8,90,,60.0 -8 240.0,0.0 0 1.0 0 1 0 -1.0 0 0.0
P0006,1,303626,Black,3036.dat,6,8,0,6,8,90,,180.0 -8 240.0,0.0 0 1.0 0 1 0 -1.0 0 0.0
P0007,1,4210794,Dark Bluish Gray,3036.dat,12,8,0,6,8,90,,300.0 -8 240.0,0.0 0 1.0 0 1 0 -1.0 0 0.0
P0008,1,303626,Black,3036.dat,18,8,0,6,8,90,,420.0 -8 240.0,0.0 0 1.0 0 1 0 -1.0 0 0.0
P0009,1,303626,Black,3036.dat,0,16,0,6,8,90,,60.0 -8 400.0,0.0 0 1.0 0 1 0 -1.0 0 0.0
P0010,1,4210794,Dark Bluish Gray,3036.dat,6,16,0,6,8,90,,180.0 -8 400.0,0.0 0 1.0 0 1 0 -1.0 0 0.0
P0011,1,303626,Black,3036.dat,12,16,0,6,8,90,,300.0 -8 400.0,0.0 0 1.0 0 1 0 -1.0 0 0.0
P0012,1,4210794,Dark Bluish Gray,3036.dat,18,16,0,6,8,90,,420.0 -8 400.0,0.0 0 1.0 0 1 0 -1.0 0 0.0
P0013,2,303426,Black,3034.dat,0,0,1,8,2,0,,80.0 -16 20.0,1.0 0 0.0 0 1 0 -0.0 0 1.0
P0014,2,303426,Black,3034.dat,8,0,1,8,2,0,,240.0 -16 20.0,1.0 0 0.0 0 1 0 -0.0 0 1.0
P0015,2,303426,Black,3034.dat,16,0,1,8,2,0,,400.0 -16 20.0,1.0 0 0.0 0 1 0 -0.0 0 1.0
P0016,2,4210997,Dark Bluish Gray,3034.dat,4,2,1,8,2,0,,160.0 -16 60.0,1.0 0 0.0 0 1 0 -0.0 0 1.0
P0017,2,4210997,Dark Bluish Gray,3034.dat,12,2,1,8,2,0,,320.0 -16 60.0,1.0 0 0.0 0 1 0 -0.0 0 1.0
P0018,2,302026,Black,3020.dat,0,2,1,4,2,0,,40.0 -16 60.0,1.0 0 0.0 0 1 0 -0.0 0 1.0
P0019,2,302026,Black,3020.dat,20,2,1,4,2,0,,440.0 -16 60.0,1.0 0 0.0 0 1 0 -0.0 0 1.0
P0020,2,303426,Black,3034.dat,0,4,1,8,2,0,,80.0 -16 100.0,1.0 0 0.0 0 1 0 -0.0 0 1.0
P0021,2,303426,Black,3034.dat,8,4,1,8,2,0,,240.0 -16 100.0,1.0 0 0.0 0 1 0 -0.0 0 1.0
P0022,2,303426,Black,3034.dat,16,4,1,8,2,0,,400.0 -16 100.0,1.0 0 0.0 0 1 0 -0.0 0 1.0
P0023,2,4210997,Dark Bluish Gray,3034.dat,4,6,1,8,2,0,,160.0 -16 140.0,1.0 0 0.0 0 1 0 -0.0 0 1.0
P0024,2,4210997,Dark Bluish Gray,3034.dat,12,6,1,8,2,0,,320.0 -16 140.0,1.0 0 0.0 0 1 0 -0.0 0 1.0
P0025,2,302026,Black,3020.dat,0,6,1,4,2,0,,40.0 -16 140.0,1.0 0 0.0 0 1 0 -0.0 0 1.0
P0026,2,302026,Black,3020.dat,20,6,1,4,2,0,,440.0 -16 140.0,1.0 0 0.0 0 1 0 -0.0 0 1.0
P0027,2,303426,Black,3034.dat,0,8,1,8,2,0,,80.0 -16 180.0,1.0 0 0.0 0 1 0 -0.0 0 1.0
P0028,2,303426,Black,3034.dat,8,8,1,8,2,0,,240.0 -16 180.0,1.0 0 0.0 0 1 0 -0.0 0 1.0
P0029,2,303426,Black,3034.dat,16,8,1,8,2,0,,400.0 -16 180.0,1.0 0 0.0 0 1 0 -0.0 0 1.0
P0030,2,4210997,Dark Bluish Gray,3034.dat,4,10,1,8,2,0,,160.0 -16 220.0,1.0 0 0.0 0 1 0 -0.0 0 1.0
P0031,2,4210997,Dark Bluish Gray,3034.dat,12,10,1,8,2,0,,320.0 -16 220.0,1.0 0 0.0 0 1 0 -0.0 0 1.0
P0032,2,302026,Black,3020.dat,0,10,1,4,2,0,,40.0 -16 220.0,1.0 0 0.0 0 1 0 -0.0 0 1.0
P0033,2,302026,Black,3020.dat,20,10,1,4,2,0,,440.0 -16 220.0,1.0 0 0.0 0 1 0 -0.0 0 1.0
P0034,2,303426,Black,3034.dat,0,12,1,8,2,0,,80.0 -16 260.0,1.0 0 0.0 0 1 0 -0.0 0 1.0
P0035,2,303426,Black,3034.dat,8,12,1,8,2,0,,240.0 -16 260.0,1.0 0 0.0 0 1 0 -0.0 0 1.0
P0036,2,303426,Black,3034.dat,16,12,1,8,2,0,,400.0 -16 260.0,1.0 0 0.0 0 1 0 -0.0 0 1.0
P0037,2,4210997,Dark Bluish Gray,3034.dat,4,14,1,8,2,0,,160.0 -16 300.0,1.0 0 0.0 0 1 0 -0.0 0 1.0
P0038,2,4210997,Dark Bluish Gray,3034.dat,12,14,1,8,2,0,,320.0 -16 300.0,1.0 0 0.0 0 1 0 -0.0 0 1.0
P0039,2,302026,Black,3020.dat,0,14,1,4,2,0,,40.0 -16 300.0,1.0 0 0.0 0 1 0 -0.0 0 1.0
P0040,2,302026,Black,3020.dat,20,14,1,4,2,0,,440.0 -16 300.0,1.0 0 0.0 0 1 0 -0.0 0 1.0
P0041,2,303426,Black,3034.dat,0,16,1,8,2,0,,80.0 -16 340.0,1.0 0 0.0 0 1 0 -0.0 0 1.0
P0042,2,303426,Black,3034.dat,8,16,1,8,2,0,,240.0 -16 340.0,1.0 0 0.0 0 1 0 -0.0 0 1.0
P0043,2,303426,Black,3034.dat,16,16,1,8,2,0,,400.0 -16 340.0,1.0 0 0.0 0 1 0 -0.0 0 1.0
P0044,2,4210997,Dark Bluish Gray,3034.dat,4,18,1,8,2,0,,160.0 -16 380.0,1.0 0 0.0 0 1 0 -0.0 0 1.0
P0045,2,4210997,Dark Bluish Gray,3034.dat,12,18,1,8,2,0,,320.0 -16 380.0,1.0 0 0.0 0 1 0 -0.0 0 1.0
P0046,2,302026,Black,3020.dat,0,18,1,4,2,0,,40.0 -16 380.0,1.0 0 0.0 0 1 0 -0.0 0 1.0
P0047,2,302026,Black,3020.dat,20,18,1,4,2,0,,440.0 -16 380.0,1.0 0 0.0 0 1 0 -0.0 0 1.0
P0048,2,303426,Black,3034.dat,0,20,1,8,2,0,,80.0 -16 420.0,1.0 0 0.0 0 1 0 -0.0 0 1.0
P0049,2,303426,Black,3034.dat,8,20,1,8,2,0,,240.0 -16 420.0,1.0 0 0.0 0 1 0 -0.0 0 1.0
P0050,2,4210997,Dark Bluish Gray,3034.dat,16,20,1,8,2,0,,400.0 -16 420.0,1.0 0 0.0 0 1 0 -0.0 0 1.0
P0051,2,4210997,Dark Bluish Gray,3034.dat,4,22,1,8,2,0,,160.0 -16 460.0,1.0 0 0.0 0 1 0 -0.0 0 1.0
P0052,2,4210997,Dark Bluish Gray,3034.dat,12,22,1,8,2,0,,320.0 -16 460.0,1.0 0 0.0 0 1 0 -0.0 0 1.0
P0053,2,302026,Black,3020.dat,0,22,1,4,2,0,,40.0 -16 460.0,1.0 0 0.0 0 1 0 -0.0 0 1.0
P0054,2,302026,Black,3020.dat,20,22,1,4,2,0,,440.0 -16 460.0,1.0 0 0.0 0 1 0 -0.0 0 1.0
P0055,3,4560183,Light Bluish Gray,87079.dat,0,0,2,4,2,0,,40.0 -24 20.0,1.0 0 0.0 0 1 0 -0.0 0 1.0
P0056,3,4560183,Light Bluish Gray,87079.dat,4,0,2,4,2,0,,120.0 -24 20.0,1.0 0 0.0 0 1 0 -0.0 0 1.0
P0057,3,4560183,Light Bluish Gray,87079.dat,8,0,2,4,2,0,,200.0 -24 20.0,1.0 0 0.0 0 1 0 -0.0 0 1.0
P0058,3,4560183,Light Bluish Gray,87079.dat,12,0,2,4,2,0,,280.0 -24 20.0,1.0 0 0.0 0 1 0 -0.0 0 1.0
P0059,3,4560183,Light Bluish Gray,87079.dat,16,0,2,4,2,0,,360.0 -24 20.0,1.0 0 0.0 0 1 0 -0.0 0 1.0
P0060,3,4560183,Light Bluish Gray,87079.dat,20,0,2,4,2,0,,440.0 -24 20.0,1.0 0 0.0 0 1 0 -0.0 0 1.0
P0061,3,4560183,Light Bluish Gray,87079.dat,0,2,2,4,2,0,,40.0 -24 60.0,1.0 0 0.0 0 1 0 -0.0 0 1.0
P0062,3,4560183,Light Bluish Gray,87079.dat,4,2,2,4,2,0,,120.0 -24 60.0,1.0 0 0.0 0 1 0 -0.0 0 1.0
P0063,3,4560183,Light Bluish Gray,87079.dat,8,2,2,4,2,0,,200.0 -24 60.0,1.0 0 0.0 0 1 0 -0.0 0 1.0
P0064,3,4560183,Light Bluish Gray,87079.dat,12,2,2,4,2,0,,280.0 -24 60.0,1.0 0 0.0 0 1 0 -0.0 0 1.0
P0065,3,4560183,Light Bluish Gray,87079.dat,16,2,2,4,2,0,,360.0 -24 60.0,1.0 0 0.0 0 1 0 -0.0 0 1.0
P0066,3,4560183,Light Bluish Gray,87079.dat,20,2,2,4,2,0,,440.0 -24 60.0,1.0 0 0.0 0 1 0 -0.0 0 1.0
P0067,3,4211481,Light Bluish Gray,4162.dat,0,4,2,1,8,90,,10.0 -24 160.0,0.0 0 1.0 0 1 0 -1.0 0 0.0
P0068,3,4211413,Light Bluish Gray,3068b.dat,1,4,2,2,2,90,,40.0 -24 100.0,0.0 0 1.0 0 1 0 -1.0 0 0.0
P0069,3,4211413,Light Bluish Gray,3068b.dat,21,4,2,2,2,90,,440.0 -24 100.0,0.0 0 1.0 0 1 0 -1.0 0 0.0
P0070,3,4211481,Light Bluish Gray,4162.dat,23,4,2,1,8,90,,470.0 -24 160.0,0.0 0 1.0 0 1 0 -1.0 0 0.0
P0071,3,4211414,Light Bluish Gray,3069b.dat,21,6,2,2,1,0,,440.0 -24 130.0,1.0 0 0.0 0 1 0 -0.0 0 1.0
P0072,3,4560183,Light Bluish Gray,87079.dat,1,10,2,2,4,90,,40.0 -24 240.0,0.0 0 1.0 0 1 0 -1.0 0 0.0
P0073,3,4560183,Light Bluish Gray,87079.dat,21,11,2,2,4,90,,440.0 -24 260.0,0.0 0 1.0 0 1 0 -1.0 0 0.0
P0074,3,4211481,Light Bluish Gray,4162.dat,0,12,2,1,8,90,,10.0 -24 320.0,0.0 0 1.0 0 1 0 -1.0 0 0.0
P0075,3,4211481,Light Bluish Gray,4162.dat,23,12,2,1,8,90,,470.0 -24 320.0,0.0 0 1.0 0 1 0 -1.0 0 0.0
P0076,3,4560183,Light Bluish Gray,87079.dat,3,13,2,4,2,0,,100.0 -24 280.0,1.0 0 0.0 0 1 0 -0.0 0 1.0
P0077,3,4211481,Light Bluish Gray,4162.dat,7,13,2,1,8,90,,150.0 -24 340.0,0.0 0 1.0 0 1 0 -1.0 0 0.0
P0078,3,4211413,Light Bluish Gray,3068b.dat,8,13,2,2,2,90,,180.0 -24 280.0,0.0 0 1.0 0 1 0 -1.0 0 0.0
P0079,3,4560183,Light Bluish Gray,87079.dat,14,13,2,4,2,0,,320.0 -24 280.0,1.0 0 0.0 0 1 0 -0.0 0 1.0
P0080,3,4560183,Light Bluish Gray,87079.dat,18,13,2,2,4,90,,380.0 -24 300.0,0.0 0 1.0 0 1 0 -1.0 0 0.0
P0081,3,4211414,Light Bluish Gray,3069b.dat,20,13,2,1,2,90,,410.0 -24 280.0,0.0 0 1.0 0 1 0 -1.0 0 0.0
P0082,3,4211414,Light Bluish Gray,3069b.dat,1,14,2,2,1,0,,40.0 -24 290.0,1.0 0 0.0 0 1 0 -0.0 0 1.0
P0083,3,4560183,Light Bluish Gray,87079.dat,3,15,2,4,2,0,,100.0 -24 320.0,1.0 0 0.0 0 1 0 -0.0 0 1.0
P0084,3,4211481,Light Bluish Gray,4162.dat,8,15,2,8,1,0,,240.0 -24 310.0,1.0 0 0.0 0 1 0 -0.0 0 1.0
P0085,3,4211481,Light Bluish Gray,4162.dat,16,15,2,1,8,90,,330.0 -24 380.0,0.0 0 1.0 0 1 0 -1.0 0 0.0
P0086,3,4211414,Light Bluish Gray,3069b.dat,17,15,2,1,2,90,,350.0 -24 320.0,0.0 0 1.0 0 1 0 -1.0 0 0.0
P0087,3,4211414,Light Bluish Gray,3069b.dat,20,15,2,2,1,0,,420.0 -24 310.0,1.0 0 0.0 0 1 0 -0.0 0 1.0
P0088,3,4211481,Light Bluish Gray,4162.dat,22,15,2,1,8,90,,450.0 -24 380.0,0.0 0 1.0 0 1 0 -1.0 0 0.0
P0089,3,4560183,Light Bluish Gray,87079.dat,9,16,2,4,2,0,,220.0 -24 340.0,1.0 0 0.0 0 1 0 -0.0 0 1.0
P0090,3,4211481,Light Bluish Gray,4162.dat,14,16,2,1,8,90,,290.0 -24 400.0,0.0 0 1.0 0 1 0 -1.0 0 0.0
P0091,3,4211481,Light Bluish Gray,4162.dat,15,16,2,1,8,90,,310.0 -24 400.0,0.0 0 1.0 0 1 0 -1.0 0 0.0
P0092,3,4211356,Light Bluish Gray,2431.dat,3,17,2,4,1,0,,100.0 -24 350.0,1.0 0 0.0 0 1 0 -0.0 0 1.0
P0093,3,4211414,Light Bluish Gray,3069b.dat,17,17,2,2,1,0,,360.0 -24 350.0,1.0 0 0.0 0 1 0 -0.0 0 1.0
P0094,3,4211549,Light Bluish Gray,6636.dat,19,17,2,1,6,90,,390.0 -24 400.0,0.0 0 1.0 0 1 0 -1.0 0 0.0
P0095,3,4211356,Light Bluish Gray,2431.dat,3,18,2,4,1,0,,100.0 -24 370.0,1.0 0 0.0 0 1 0 -0.0 0 1.0
P0096,3,4211549,Light Bluish Gray,6636.dat,8,18,2,6,1,0,,220.0 -24 370.0,1.0 0 0.0 0 1 0 -0.0 0 1.0
P0097,3,4211356,Light Bluish Gray,2431.dat,1,19,2,1,4,90,,30.0 -24 420.0,0.0 0 1.0 0 1 0 -1.0 0 0.0
P0098,3,4211356,Light Bluish Gray,2431.dat,2,19,2,1,4,90,,50.0 -24 420.0,0.0 0 1.0 0 1 0 -1.0 0 0.0
P0099,3,4211549,Light Bluish Gray,6636.dat,8,19,2,6,1,0,,220.0 -24 390.0,1.0 0 0.0 0 1 0 -0.0 0 1.0
P0100,3,4211356,Light Bluish Gray,2431.dat,0,20,2,1,4,90,,10.0 -24 440.0,0.0 0 1.0 0 1 0 -1.0 0 0.0
P0101,3,4211549,Light Bluish Gray,6636.dat,8,20,2,6,1,0,,220.0 -24 410.0,1.0 0 0.0 0 1 0 -0.0 0 1.0
P0102,3,4211356,Light Bluish Gray,2431.dat,17,20,2,1,4,90,,350.0 -24 440.0,0.0 0 1.0 0 1 0 -1.0 0 0.0
P0103,3,4211356,Light Bluish Gray,2431.dat,18,20,2,1,4,90,,370.0 -24 440.0,0.0 0 1.0 0 1 0 -1.0 0 0.0
P0104,3,4211356,Light Bluish Gray,2431.dat,20,20,2,1,4,90,,410.0 -24 440.0,0.0 0 1.0 0 1 0 -1.0 0 0.0
P0105,3,4211356,Light Bluish Gray,2431.dat,21,20,2,1,4,90,,430.0 -24 440.0,0.0 0 1.0 0 1 0 -1.0 0 0.0
P0106,3,4211356,Light Bluish Gray,2431.dat,23,20,2,1,4,90,,470.0 -24 440.0,0.0 0 1.0 0 1 0 -1.0 0 0.0
P0107,3,4211481,Light Bluish Gray,4162.dat,3,21,2,8,1,0,,140.0 -24 430.0,1.0 0 0.0 0 1 0 -0.0 0 1.0
P0108,3,4211413,Light Bluish Gray,3068b.dat,11,21,2,2,2,90,,240.0 -24 440.0,0.0 0 1.0 0 1 0 -1.0 0 0.0
P0109,3,4211414,Light Bluish Gray,3069b.dat,13,21,2,1,2,90,,270.0 -24 440.0,0.0 0 1.0 0 1 0 -1.0 0 0.0
P0110,3,4211481,Light Bluish Gray,4162.dat,3,22,2,8,1,0,,140.0 -24 450.0,1.0 0 0.0 0 1 0 -0.0 0 1.0
P0111,3,4211481,Light Bluish Gray,4162.dat,1,23,2,8,1,0,,100.0 -24 470.0,1.0 0 0.0 0 1 0 -0.0 0 1.0
P0112,3,4211356,Light Bluish Gray,2431.dat,9,23,2,4,1,0,,220.0 -24 470.0,1.0 0 0.0 0 1 0 -0.0 0 1.0
P0113,3,4211415,Light Bluish Gray,3070b.dat,13,23,2,1,1,90,,270.0 -24 470.0,0.0 0 1.0 0 1 0 -1.0 0 0.0
P0114,3,4211415,Light Bluish Gray,3070b.dat,16,23,2,1,1,90,,330.0 -24 470.0,0.0 0 1.0 0 1 0 -1.0 0 0.0
P0115,3,4211415,Light Bluish Gray,3070b.dat,19,23,2,1,1,90,,390.0 -24 470.0,0.0 0 1.0 0 1 0 -1.0 0 0.0
P0116,3,4211415,Light Bluish Gray,3070b.dat,22,23,2,1,1,90,,450.0 -24 470.0,0.0 0 1.0 0 1 0 -1.0 0 0.0
P0117,3,6122047,Tan,87079.dat,4,5,2,4,2,0,,120.0 -24 120.0,1.0 0 0.0 0 1 0 -0.0 0 1.0
P0118,3,6122047,Tan,87079.dat,8,5,2,4,2,0,,200.0 -24 120.0,1.0 0 0.0 0 1 0 -0.0 0 1.0
P0119,3,6122047,Tan,87079.dat,12,5,2,4,2,0,,280.0 -24 120.0,1.0 0 0.0 0 1 0 -0.0 0 1.0
P0120,3,6122047,Tan,87079.dat,16,5,2,4,2,0,,360.0 -24 120.0,1.0 0 0.0 0 1 0 -0.0 0 1.0
P0121,3,6122047,Tan,87079.dat,4,7,2,4,2,0,,120.0 -24 160.0,1.0 0 0.0 0 1 0 -0.0 0 1.0
P0122,3,6122047,Tan,87079.dat,8,7,2,4,2,0,,200.0 -24 160.0,1.0 0 0.0 0 1 0 -0.0 0 1.0
P0123,3,6122047,Tan,87079.dat,12,7,2,4,2,0,,280.0 -24 160.0,1.0 0 0.0 0 1 0 -0.0 0 1.0
P0124,3,6122047,Tan,87079.dat,16,7,2,4,2,0,,360.0 -24 160.0,1.0 0 0.0 0 1 0 -0.0 0 1.0
P0125,3,6122047,Tan,87079.dat,4,9,2,4,2,0,,120.0 -24 200.0,1.0 0 0.0 0 1 0 -0.0 0 1.0
P0126,3,6122047,Tan,87079.dat,8,9,2,4,2,0,,200.0 -24 200.0,1.0 0 0.0 0 1 0 -0.0 0 1.0
P0127,3,6122047,Tan,87079.dat,12,9,2,4,2,0,,280.0 -24 200.0,1.0 0 0.0 0 1 0 -0.0 0 1.0
P0128,3,4550324,Tan,2431.dat,16,9,2,4,1,0,,360.0 -24 190.0,1.0 0 0.0 0 1 0 -0.0 0 1.0
P0129,3,4157277,Tan,6636.dat,4,11,2,6,1,0,,140.0 -24 230.0,1.0 0 0.0 0 1 0 -0.0 0 1.0
P0130,3,4114026,Tan,3069b.dat,14,11,2,2,1,0,,300.0 -24 230.0,1.0 0 0.0 0 1 0 -0.0 0 1.0
P0131,4,4113915,Tan,3005.dat,3,12,2,1,1,0,,70.0 -40 250.0,1.0 0 0.0 0 1 0 -0.0 0 1.0
P0132,4,4113915,Tan,3005.dat,8,12,2,1,1,0,,170.0 -40 250.0,1.0 0 0.0 0 1 0 -0.0 0 1.0
P0133,4,4113915,Tan,3005.dat,3,12,5,1,1,0,,70.0 -64 250.0,1.0 0 0.0 0 1 0 -0.0 0 1.0
P0134,4,4113915,Tan,3005.dat,8,12,5,1,1,0,,170.0 -64 250.0,1.0 0 0.0 0 1 0 -0.0 0 1.0
P0135,4,4113915,Tan,3005.dat,3,12,8,1,1,0,,70.0 -88 250.0,1.0 0 0.0 0 1 0 -0.0 0 1.0
P0136,4,4113915,Tan,3005.dat,8,12,8,1,1,0,,170.0 -88 250.0,1.0 0 0.0 0 1 0 -0.0 0 1.0
P0137,4,4113915,Tan,3005.dat,3,12,11,1,1,0,,70.0 -112 250.0,1.0 0 0.0 0 1 0 -0.0 0 1.0
P0138,4,4113915,Tan,3005.dat,8,12,11,1,1,0,,170.0 -112 250.0,1.0 0 0.0 0 1 0 -0.0 0 1.0
P0139,4,4113915,Tan,3005.dat,3,12,14,1,1,0,,70.0 -136 250.0,1.0 0 0.0 0 1 0 -0.0 0 1.0
P0140,4,4113915,Tan,3005.dat,8,12,14,1,1,0,,170.0 -136 250.0,1.0 0 0.0 0 1 0 -0.0 0 1.0
P0141,4,4113915,Tan,3005.dat,3,12,17,1,1,0,,70.0 -160 250.0,1.0 0 0.0 0 1 0 -0.0 0 1.0
P0142,4,4113915,Tan,3005.dat,8,12,17,1,1,0,,170.0 -160 250.0,1.0 0 0.0 0 1 0 -0.0 0 1.0
P0143,4,4113915,Tan,3005.dat,3,12,20,1,1,0,,70.0 -184 250.0,1.0 0 0.0 0 1 0 -0.0 0 1.0
P0144,4,4113915,Tan,3005.dat,8,12,20,1,1,0,,170.0 -184 250.0,1.0 0 0.0 0 1 0 -0.0 0 1.0
P0145,4,4113915,Tan,3005.dat,3,12,23,1,1,0,,70.0 -208 250.0,1.0 0 0.0 0 1 0 -0.0 0 1.0
P0146,4,4113915,Tan,3005.dat,8,12,23,1,1,0,,170.0 -208 250.0,1.0 0 0.0 0 1 0 -0.0 0 1.0
P0147,4,300901,White,3009.dat,9,12,2,6,1,0,,240.0 -40 250.0,1.0 0 0.0 0 1 0 -0.0 0 1.0
P0148,4,300901,White,3009.dat,15,12,2,6,1,0,,360.0 -40 250.0,1.0 0 0.0 0 1 0 -0.0 0 1.0
P0149,4,301001,White,3010.dat,3,4,2,1,4,90,,70.0 -40 120.0,0.0 0 1.0 0 1 0 -1.0 0 0.0
P0150,4,301001,White,3010.dat,3,8,2,1,4,90,,70.0 -40 200.0,0.0 0 1.0 0 1 0 -1.0 0 0.0
P0151,4,301001,White,3010.dat,20,4,2,1,4,90,,410.0 -40 120.0,0.0 0 1.0 0 1 0 -1.0 0 0.0
P0152,4,301001,White,3010.dat,20,8,2,1,4,90,,410.0 -40 200.0,0.0 0 1.0 0 1 0 -1.0 0 0.0
P0153,4,300901,White,3009.dat,4,4,2,6,1,0,,140.0 -40 90.0,1.0 0 0.0 0 1 0 -0.0 0 1.0
P0154,4,300901,White,3009.dat,14,4,2,6,1,0,,340.0 -40 90.0,1.0 0 0.0 0 1 0 -0.0 0 1.0
P0155,4,301001,White,3010.dat,10,4,2,4,1,0,,240.0 -40 90.0,1.0 0 0.0 0 1 0 -0.0 0 1.0
P0156,4,301001,White,3010.dat,10,11,2,4,1,0,,240.0 -40 230.0,1.0 0 0.0 0 1 0 -0.0 0 1.0
P0157,5,4530590,White,60594.dat,3,4,5,1,4,90,,70.0 -112 120.0,0.0 0 1.0 0 1 0 -1.0 0 0.0
P0158,5,6514142,Trans-Clear,86210.dat,,,,,,90,P0157,74.0 -104 120.0,0.0 0 1.0 0 1 0 -1.0 0 0.0
P0162,5,4530590,White,60594.dat,3,8,5,1,4,90,,70.0 -112 200.0,0.0 0 1.0 0 1 0 -1.0 0 0.0
P0163,5,6514142,Trans-Clear,86210.dat,,,,,,90,P0162,74.0 -104 200.0,0.0 0 1.0 0 1 0 -1.0 0 0.0
P0167,5,4530590,White,60594.dat,20,4,5,1,4,90,,410.0 -112 120.0,0.0 0 1.0 0 1 0 -1.0 0 0.0
P0168,5,6514142,Trans-Clear,86210.dat,,,,,,90,P0167,414.0 -104 120.0,0.0 0 1.0 0 1 0 -1.0 0 0.0
P0172,5,4530590,White,60594.dat,20,8,5,1,4,90,,410.0 -112 200.0,0.0 0 1.0 0 1 0 -1.0 0 0.0
P0173,5,6514142,Trans-Clear,86210.dat,,,,,,90,P0172,414.0 -104 200.0,0.0 0 1.0 0 1 0 -1.0 0 0.0
P0177,5,6256127,White,42205.dat,4,4,5,6,1,0,,140.0 -184 90.0,1.0 0 0.0 0 1 0 -0.0 0 1.0
P0178,5,6511024,Trans-Clear,42509.dat,,,,,,0,P0177,140.0 -179.5 95.0,1.0 0 0.0 0 1 0 -0.0 0 1.0
P0180,5,6256127,White,42205.dat,14,4,5,6,1,0,,340.0 -184 90.0,1.0 0 0.0 0 1 0 -0.0 0 1.0
P0181,5,6511024,Trans-Clear,42509.dat,,,,,,0,P0180,340.0 -179.5 95.0,1.0 0 0.0 0 1 0 -0.0 0 1.0
P0183,5,4530590,White,60594.dat,10,4,5,4,1,0,,240.0 -112 90.0,1.0 0 0.0 0 1 0 -0.0 0 1.0
P0184,5,6514142,Trans-Clear,86210.dat,,,,,,0,P0183,240.0 -104 94.0,1.0 0 0.0 0 1 0 -0.0 0 1.0
P0188,5,4530590,White,60594.dat,10,11,5,4,1,0,,240.0 -112 230.0,1.0 0 0.0 0 1 0 -0.0 0 1.0
P0189,5,6514142,Trans-Clear,86210.dat,,,,,,0,P0188,240.0 -104 234.0,1.0 0 0.0 0 1 0 -0.0 0 1.0
P0159,6,4530590,White,60594.dat,3,4,14,1,4,90,,70.0 -184 120.0,0.0 0 1.0 0 1 0 -1.0 0 0.0
P0160,6,6514142,Trans-Clear,86210.dat,,,,,,90,P0159,74.0 -176 120.0,0.0 0 1.0 0 1 0 -1.0 0 0.0
P0161,6,301001,White,3010.dat,3,4,23,1,4,90,,70.0 -208 120.0,0.0 0 1.0 0 1 0 -1.0 0 0.0
P0164,6,4530590,White,60594.dat,3,8,14,1,4,90,,70.0 -184 200.0,0.0 0 1.0 0 1 0 -1.0 0 0.0
P0165,6,6514142,Trans-Clear,86210.dat,,,,,,90,P0164,74.0 -176 200.0,0.0 0 1.0 0 1 0 -1.0 0 0.0
P0166,6,301001,White,3010.dat,3,8,23,1,4,90,,70.0 -208 200.0,0.0 0 1.0 0 1 0 -1.0 0 0.0
P0169,6,4530590,White,60594.dat,20,4,14,1,4,90,,410.0 -184 120.0,0.0 0 1.0 0 1 0 -1.0 0 0.0
P0170,6,6514142,Trans-Clear,86210.dat,,,,,,90,P0169,414.0 -176 120.0,0.0 0 1.0 0 1 0 -1.0 0 0.0
P0171,6,301001,White,3010.dat,20,4,23,1,4,90,,410.0 -208 120.0,0.0 0 1.0 0 1 0 -1.0 0 0.0
P0174,6,4530590,White,60594.dat,20,8,14,1,4,90,,410.0 -184 200.0,0.0 0 1.0 0 1 0 -1.0 0 0.0
P0175,6,6514142,Trans-Clear,86210.dat,,,,,,90,P0174,414.0 -176 200.0,0.0 0 1.0 0 1 0 -1.0 0 0.0
P0176,6,301001,White,3010.dat,20,8,23,1,4,90,,410.0 -208 200.0,0.0 0 1.0 0 1 0 -1.0 0 0.0
P0179,6,300901,White,3009.dat,4,4,23,6,1,0,,140.0 -208 90.0,1.0 0 0.0 0 1 0 -0.0 0 1.0
P0182,6,300901,White,3009.dat,14,4,23,6,1,0,,340.0 -208 90.0,1.0 0 0.0 0 1 0 -0.0 0 1.0
P0185,6,4530590,White,60594.dat,10,4,14,4,1,0,,240.0 -184 90.0,1.0 0 0.0 0 1 0 -0.0 0 1.0
P0186,6,6514142,Trans-Clear,86210.dat,,,,,,0,P0185,240.0 -176 94.0,1.0 0 0.0 0 1 0 -0.0 0 1.0
P0187,6,301001,White,3010.dat,10,4,23,4,1,0,,240.0 -208 90.0,1.0 0 0.0 0 1 0 -0.0 0 1.0
P0190,6,4530590,White,60594.dat,10,11,14,4,1,0,,240.0 -184 230.0,1.0 0 0.0 0 1 0 -0.0 0 1.0
P0191,6,6514142,Trans-Clear,86210.dat,,,,,,0,P0190,240.0 -176 234.0,1.0 0 0.0 0 1 0 -0.0 0 1.0
P0192,6,301001,White,3010.dat,10,11,23,4,1,0,,240.0 -208 230.0,1.0 0 0.0 0 1 0 -0.0 0 1.0
P0193,6,6262945,White,60596.dat,4,12,2,4,1,0,,120.0 -160 250.0,1.0 0 0.0 0 1 0 -0.0 0 1.0
P0194,6,6514119,Trans-Clear,60616a.dat,,,,,,0,P0193,88.0 -160 255.0,1.0 0 0.0 0 1 0 -0.0 0 1.0
P0277,7,4211225,Reddish Brown,3010.dat,16,10,2,4,1,0,,360.0 -40 210.0,1.0 0 0.0 0 1 0 -0.0 0 1.0
P0278,7,4245571,Dark Green,3010.dat,16,11,2,4,1,0,,360.0 -40 230.0,1.0 0 0.0 0 1 0 -0.0 0 1.0
P0279,7,4211225,Reddish Brown,3010.dat,16,10,5,4,1,0,,360.0 -64 210.0,1.0 0 0.0 0 1 0 -0.0 0 1.0
P0280,7,4245571,Dark Green,3010.dat,16,11,5,4,1,0,,360.0 -64 230.0,1.0 0 0.0 0 1 0 -0.0 0 1.0
P0281,7,4211186,Reddish Brown,3020.dat,16,10,8,4,2,0,,360.0 -72 220.0,1.0 0 0.0 0 1 0 -0.0 0 1.0
P0282,7,4211151,Reddish Brown,3069b.dat,16,11,9,2,1,0,,340.0 -80 230.0,1.0 0 0.0 0 1 0 -0.0 0 1.0
P0283,7,4211151,Reddish Brown,3069b.dat,18,11,9,2,1,0,,380.0 -80 230.0,1.0 0 0.0 0 1 0 -0.0 0 1.0
P0284,7,4659665,White,3899.dat,19,10,9,1,1,180,,390.0 -96 210.0,-1.0 0 0.0 0 1 0 -0.0 0 -1.0
P0195,8,6031057,Tan,6182.dat,4,12,20,4,1,0,,120.0 -208 250.0,1.0 0 0.0 0 1 0 -0.0 0 1.0
P0196,8,6249033,White,40066.dat,9,12,5,6,1,0,,240.0 -208 250.0,1.0 0 0.0 0 1 0 -0.0 0 1.0
P0197,8,300501,White,3005.dat,9,12,23,1,1,0,,190.0 -208 250.0,1.0 0 0.0 0 1 0 -0.0 0 1.0
P0198,8,300501,White,3005.dat,14,12,23,1,1,0,,290.0 -208 250.0,1.0 0 0.0 0 1 0 -0.0 0 1.0
P0199,8,6249033,White,40066.dat,15,12,5,6,1,0,,360.0 -208 250.0,1.0 0 0.0 0 1 0 -0.0 0 1.0
P0200,8,300501,White,3005.dat,15,12,23,1,1,0,,310.0 -208 250.0,1.0 0 0.0 0 1 0 -0.0 0 1.0
P0201,8,300501,White,3005.dat,20,12,23,1,1,0,,410.0 -208 250.0,1.0 0 0.0 0 1 0 -0.0 0 1.0
P0202,9,366601,White,3666.dat,3,4,26,6,1,0,,120.0 -216 90.0,1.0 0 0.0 0 1 0 -0.0 0 1.0
P0203,9,366601,White,3666.dat,9,4,26,6,1,0,,240.0 -216 90.0,1.0 0 0.0 0 1 0 -0.0 0 1.0
P0204,9,366601,White,3666.dat,15,4,26,6,1,0,,360.0 -216 90.0,1.0 0 0.0 0 1 0 -0.0 0 1.0
P0205,9,366601,White,3666.dat,3,12,26,6,1,0,,120.0 -216 250.0,1.0 0 0.0 0 1 0 -0.0 0 1.0
P0206,9,366601,White,3666.dat,9,12,26,6,1,0,,240.0 -216 250.0,1.0 0 0.0 0 1 0 -0.0 0 1.0
P0207,9,366601,White,3666.dat,15,12,26,6,1,0,,360.0 -216 250.0,1.0 0 0.0 0 1 0 -0.0 0 1.0
P0208,9,366601,White,3666.dat,3,5,26,1,6,90,,70.0 -216 160.0,0.0 0 1.0 0 1 0 -1.0 0 0.0
P0209,9,366601,White,3666.dat,20,5,26,1,6,90,,410.0 -216 160.0,0.0 0 1.0 0 1 0 -1.0 0 0.0
P0210,9,379501,White,3795.dat,3,3,27,6,2,0,,120.0 -224 80.0,1.0 0 0.0 0 1 0 -0.0 0 1.0
P0211,9,379501,White,3795.dat,9,3,27,6,2,0,,240.0 -224 80.0,1.0 0 0.0 0 1 0 -0.0 0 1.0
P0212,9,379501,White,3795.dat,15,3,27,6,2,0,,360.0 -224 80.0,1.0 0 0.0 0 1 0 -0.0 0 1.0
P0213,9,379501,White,3795.dat,3,11,27,6,2,0,,120.0 -224 240.0,1.0 0 0.0 0 1 0 -0.0 0 1.0
P0214,9,379501,White,3795.dat,9,11,27,6,2,0,,240.0 -224 240.0,1.0 0 0.0 0 1 0 -0.0 0 1.0
P0215,9,379501,White,3795.dat,15,11,27,6,2,0,,360.0 -224 240.0,1.0 0 0.0 0 1 0 -0.0 0 1.0
P0216,9,379501,White,3795.dat,3,5,27,2,6,90,,80.0 -224 160.0,0.0 0 1.0 0 1 0 -1.0 0 0.0
P0217,9,379501,White,3795.dat,19,5,27,2,6,90,,400.0 -224 160.0,0.0 0 1.0 0 1 0 -1.0 0 0.0
P0218,10,366601,White,3666.dat,3,5,28,1,6,90,,70.0 -232 160.0,0.0 0 1.0 0 1 0 -1.0 0 0.0
P0219,10,379501,White,3795.dat,4,5,28,2,6,90,,100.0 -232 160.0,0.0 0 1.0 0 1 0 -1.0 0 0.0
P0220,10,379501,White,3795.dat,18,5,28,2,6,90,,380.0 -232 160.0,0.0 0 1.0 0 1 0 -1.0 0 0.0
P0221,10,366601,White,3666.dat,20,5,28,1,6,90,,410.0 -232 160.0,0.0 0 1.0 0 1 0 -1.0 0 0.0
P0222,10,366601,White,3666.dat,3,3,28,6,1,0,,120.0 -232 70.0,1.0 0 0.0 0 1 0 -0.0 0 1.0
P0223,10,366601,White,3666.dat,9,3,28,6,1,0,,240.0 -232 70.0,1.0 0 0.0 0 1 0 -0.0 0 1.0
P0224,10,366601,White,3666.dat,15,3,28,6,1,0,,360.0 -232 70.0,1.0 0 0.0 0 1 0 -0.0 0 1.0
P0225,10,366601,White,3666.dat,3,12,28,6,1,0,,120.0 -232 250.0,1.0 0 0.0 0 1 0 -0.0 0 1.0
P0226,10,366601,White,3666.dat,9,12,28,6,1,0,,240.0 -232 250.0,1.0 0 0.0 0 1 0 -0.0 0 1.0
P0227,10,366601,White,3666.dat,15,12,28,6,1,0,,360.0 -232 250.0,1.0 0 0.0 0 1 0 -0.0 0 1.0
P0228,10,302326,Black,3023b.dat,3,4,28,2,1,0,,80.0 -232 90.0,1.0 0 0.0 0 1 0 -0.0 0 1.0
P0229,10,302326,Black,3023b.dat,3,11,28,2,1,0,,80.0 -232 230.0,1.0 0 0.0 0 1 0 -0.0 0 1.0
P0230,10,302326,Black,3023b.dat,18,4,28,2,1,0,,380.0 -232 90.0,1.0 0 0.0 0 1 0 -0.0 0 1.0
P0231,10,302326,Black,3023b.dat,18,11,28,2,1,0,,380.0 -232 230.0,1.0 0 0.0 0 1 0 -0.0 0 1.0
P0232,10,379526,Black,3795.dat,6,4,28,6,2,0,,180.0 -232 100.0,1.0 0 0.0 0 1 0 -0.0 0 1.0
P0233,10,379526,Black,3795.dat,12,4,28,6,2,0,,300.0 -232 100.0,1.0 0 0.0 0 1 0 -0.0 0 1.0
P0234,10,379526,Black,3795.dat,6,10,28,6,2,0,,180.0 -232 220.0,1.0 0 0.0 0 1 0 -0.0 0 1.0
P0235,10,379526,Black,3795.dat,12,10,28,6,2,0,,300.0 -232 220.0,1.0 0 0.0 0 1 0 -0.0 0 1.0
P0236,10,371026,Black,3710.dat,6,6,28,1,4,90,,130.0 -232 160.0,0.0 0 1.0 0 1 0 -1.0 0 0.0
P0237,10,371026,Black,3710.dat,17,6,28,1,4,90,,350.0 -232 160.0,0.0 0 1.0 0 1 0 -1.0 0 0.0
P0238,10,379526,Black,3795.dat,6,5,27,2,6,90,,140.0 -224 160.0,0.0 0 1.0 0 1 0 -1.0 0 0.0
P0239,10,379526,Black,3795.dat,11,5,27,2,6,90,,240.0 -224 160.0,0.0 0 1.0 0 1 0 -1.0 0 0.0
P0240,10,379526,Black,3795.dat,16,5,27,2,6,90,,340.0 -224 160.0,0.0 0 1.0 0 1 0 -1.0 0 0.0
P0241,10,371026,Black,3710.dat,11,6,28,1,4,90,,230.0 -232 160.0,0.0 0 1.0 0 1 0 -1.0 0 0.0
P0242,10,371026,Black,3710.dat,12,6,28,1,4,90,,250.0 -232 160.0,0.0 0 1.0 0 1 0 -1.0 0 0.0
P0243,10,663601,White,6636.dat,3,3,29,6,1,0,,120.0 -240 70.0,1.0 0 0.0 0 1 0 -0.0 0 1.0
P0244,10,663601,White,6636.dat,9,3,29,6,1,0,,240.0 -240 70.0,1.0 0 0.0 0 1 0 -0.0 0 1.0
P0245,10,663601,White,6636.dat,15,3,29,6,1,0,,360.0 -240 70.0,1.0 0 0.0 0 1 0 -0.0 0 1.0
P0246,10,663601,White,6636.dat,3,4,29,6,1,0,,120.0 -240 90.0,1.0 0 0.0 0 1 0 -0.0 0 1.0
P0247,10,663601,White,6636.dat,9,4,29,6,1,0,,240.0 -240 90.0,1.0 0 0.0 0 1 0 -0.0 0 1.0
P0248,10,663601,White,6636.dat,15,4,29,6,1,0,,360.0 -240 90.0,1.0 0 0.0 0 1 0 -0.0 0 1.0
P0249,10,663601,White,6636.dat,3,11,29,6,1,0,,120.0 -240 230.0,1.0 0 0.0 0 1 0 -0.0 0 1.0
P0250,10,663601,White,6636.dat,9,11,29,6,1,0,,240.0 -240 230.0,1.0 0 0.0 0 1 0 -0.0 0 1.0
P0251,10,663601,White,6636.dat,15,11,29,6,1,0,,360.0 -240 230.0,1.0 0 0.0 0 1 0 -0.0 0 1.0
P0252,10,663601,White,6636.dat,3,12,29,6,1,0,,120.0 -240 250.0,1.0 0 0.0 0 1 0 -0.0 0 1.0
P0253,10,663601,White,6636.dat,9,12,29,6,1,0,,240.0 -240 250.0,1.0 0 0.0 0 1 0 -0.0 0 1.0
P0254,10,663601,White,6636.dat,15,12,29,6,1,0,,360.0 -240 250.0,1.0 0 0.0 0 1 0 -0.0 0 1.0
P0255,10,663601,White,6636.dat,3,5,29,1,6,90,,70.0 -240 160.0,0.0 0 1.0 0 1 0 -1.0 0 0.0
P0256,10,663601,White,6636.dat,4,5,29,1,6,90,,90.0 -240 160.0,0.0 0 1.0 0 1 0 -1.0 0 0.0
P0257,10,663601,White,6636.dat,5,5,29,1,6,90,,110.0 -240 160.0,0.0 0 1.0 0 1 0 -1.0 0 0.0
P0258,10,663601,White,6636.dat,18,5,29,1,6,90,,370.0 -240 160.0,0.0 0 1.0 0 1 0 -1.0 0 0.0
P0259,10,663601,White,6636.dat,19,5,29,1,6,90,,390.0 -240 160.0,0.0 0 1.0 0 1 0 -1.0 0 0.0
P0260,10,663601,White,6636.dat,20,5,29,1,6,90,,410.0 -240 160.0,0.0 0 1.0 0 1 0 -1.0 0 0.0
P0261,11,6503221,Trans-Clear,92583.dat,6,5,29,6,3,0,,180 -280 150.0,1.0 0 0.0 0 1 0 -0.0 0 1.0
P0262,11,6503221,Trans-Clear,92583.dat,6,8,29,6,3,180,,180 -280 170.0,-1.0 0 0.0 0 1 0 -0.0 0 -1.0
P0263,11,6503221,Trans-Clear,92583.dat,12,5,29,6,3,0,,300 -280 150.0,1.0 0 0.0 0 1 0 -0.0 0 1.0
P0264,11,6503221,Trans-Clear,92583.dat,12,8,29,6,3,180,,300 -280 170.0,-1.0 0 0.0 0 1 0 -0.0 0 -1.0
P0265,11,379526,Black,3795.dat,6,7,35,6,2,0,,180.0 -288 160.0,1.0 0 0.0 0 1 0 -0.0 0 1.0
P0266,11,379526,Black,3795.dat,12,7,35,6,2,0,,300.0 -288 160.0,1.0 0 0.0 0 1 0 -0.0 0 1.0
P0267,11,371026,Black,3710.dat,6,7,36,4,1,0,,160.0 -296 150.0,1.0 0 0.0 0 1 0 -0.0 0 1.0
P0268,11,371026,Black,3710.dat,10,7,36,4,1,0,,240.0 -296 150.0,1.0 0 0.0 0 1 0 -0.0 0 1.0
P0269,11,371026,Black,3710.dat,14,7,36,4,1,0,,320.0 -296 150.0,1.0 0 0.0 0 1 0 -0.0 0 1.0
P0270,11,663626,Black,6636.dat,6,7,37,6,1,0,,180.0 -304 150.0,1.0 0 0.0 0 1 0 -0.0 0 1.0
P0271,11,663626,Black,6636.dat,12,7,37,6,1,0,,300.0 -304 150.0,1.0 0 0.0 0 1 0 -0.0 0 1.0
P0272,11,371026,Black,3710.dat,6,8,36,4,1,0,,160.0 -296 170.0,1.0 0 0.0 0 1 0 -0.0 0 1.0
P0273,11,371026,Black,3710.dat,10,8,36,4,1,0,,240.0 -296 170.0,1.0 0 0.0 0 1 0 -0.0 0 1.0
P0274,11,371026,Black,3710.dat,14,8,36,4,1,0,,320.0 -296 170.0,1.0 0 0.0 0 1 0 -0.0 0 1.0
P0275,11,663626,Black,6636.dat,6,8,37,6,1,0,,180.0 -304 170.0,1.0 0 0.0 0 1 0 -0.0 0 1.0
P0276,11,663626,Black,6636.dat,12,8,37,6,1,0,,300.0 -304 170.0,1.0 0 0.0 0 1 0 -0.0 0 1.0
P0285,12,4211388,Light Bluish Gray,3004.dat,8,16,2,1,2,90,,170.0 -40 340.0,0.0 0 1.0 0 1 0 -1.0 0 0.0
P0286,12,4211388,Light Bluish Gray,3004.dat,13,16,2,1,2,90,,270.0 -40 340.0,0.0 0 1.0 0 1 0 -1.0 0 0.0
P0287,12,4211247,Reddish Brown,3795.dat,8,16,5,6,2,0,,220.0 -48 340.0,1.0 0 0.0 0 1 0 -0.0 0 1.0
P0288,12,4211149,Reddish Brown,3004.dat,8,16,6,2,1,0,,180.0 -72 330.0,1.0 0 0.0 0 1 0 -0.0 0 1.0
P0289,12,4211149,Reddish Brown,3004.dat,12,16,6,2,1,0,,260.0 -72 330.0,1.0 0 0.0 0 1 0 -0.0 0 1.0
P0290,12,4211149,Reddish Brown,3004.dat,10,16,6,2,1,0,,220.0 -72 330.0,1.0 0 0.0 0 1 0 -0.0 0 1.0
P0291,12,4211204,Reddish Brown,6636.dat,8,16,9,6,1,0,,220.0 -80 330.0,1.0 0 0.0 0 1 0 -0.0 0 1.0
P0292,12,4211204,Reddish Brown,6636.dat,8,17,6,6,1,0,,220.0 -56 350.0,1.0 0 0.0 0 1 0 -0.0 0 1.0
P0293,12,300301,White,3003.dat,17,18,2,2,2,0,,360.0 -40 380.0,1.0 0 0.0 0 1 0 -0.0 0 1.0
P0294,12,4216695,Reddish Brown,3022.dat,17,18,5,2,2,0,,360.0 -48 380.0,1.0 0 0.0 0 1 0 -0.0 0 1.0
P0296,13,4211201,Reddish Brown,3001.dat,1,15,2,2,4,90,,40.0 -40 340.0,0.0 0 1.0 0 1 0 -1.0 0 0.0
P0297,13,4211186,Reddish Brown,3020.dat,1,15,5,2,4,90,,40.0 -48 340.0,0.0 0 1.0 0 1 0 -1.0 0 0.0
P0306,13,4211201,Reddish Brown,3001.dat,3,19,2,4,2,0,,100.0 -40 400.0,1.0 0 0.0 0 1 0 -0.0 0 1.0
P0307,13,4211186,Reddish Brown,3020.dat,3,19,5,4,2,0,,100.0 -48 400.0,1.0 0 0.0 0 1 0 -0.0 0 1.0
P0314,13,4211201,Reddish Brown,3001.dat,20,16,2,2,4,90,,420.0 -40 360.0,0.0 0 1.0 0 1 0 -1.0 0 0.0
P0315,13,4211186,Reddish Brown,3020.dat,20,16,5,2,4,90,,420.0 -48 360.0,0.0 0 1.0 0 1 0 -1.0 0 0.0
P0324,13,4211225,Reddish Brown,3010.dat,10,13,2,4,1,0,,240.0 -40 270.0,1.0 0 0.0 0 1 0 -0.0 0 1.0
P0325,13,4211225,Reddish Brown,3010.dat,10,14,2,4,1,0,,240.0 -40 290.0,1.0 0 0.0 0 1 0 -0.0 0 1.0
P0326,13,4211186,Reddish Brown,3020.dat,10,13,5,4,2,0,,240.0 -48 280.0,1.0 0 0.0 0 1 0 -0.0 0 1.0
P0333,13,4211201,Reddish Brown,3001.dat,1,6,2,2,4,90,,40.0 -40 160.0,0.0 0 1.0 0 1 0 -1.0 0 0.0
P0334,13,4211186,Reddish Brown,3020.dat,1,6,5,2,4,90,,40.0 -48 160.0,0.0 0 1.0 0 1 0 -1.0 0 0.0
P0343,13,4211201,Reddish Brown,3001.dat,21,7,2,2,4,90,,440.0 -40 180.0,0.0 0 1.0 0 1 0 -1.0 0 0.0
P0344,13,4211186,Reddish Brown,3020.dat,21,7,5,2,4,90,,440.0 -48 180.0,0.0 0 1.0 0 1 0 -1.0 0 0.0
P0295,14,4659665,White,3899.dat,18,19,6,1,1,0,,370.0 -72 390.0,1.0 0 0.0 0 1 0 -0.0 0 1.0
P0298,14,4211183,Reddish Brown,3062b.dat,1,15,6,1,1,0,,30.0 -72 310.0,1.0 0 0.0 0 1 0 -0.0 0 1.0
P0299,14,6400754,Dark Green,32607.dat,1,15,9,1,1,0,,30.0 -80 310.0,1.0 0 0.0 0 1 0 -0.0 0 1.0
P0300,14,6212501,Bright Pink,24866.dat,1,15,10,1,1,0,,30.0 -88 310.0,1.0 0 0.0 0 1 0 -0.0 0 1.0
P0301,14,6447541,Dark Green,2682a.dat,2,16,6,1,1,90,,50.0 -56 330.0,0.0 0 1.0 0 1 0 -1.0 0 0.0
P0302,14,4211183,Reddish Brown,3062b.dat,1,17,6,1,1,0,,30.0 -72 350.0,1.0 0 0.0 0 1 0 -0.0 0 1.0
P0303,14,6229130,Green,32607.dat,1,17,9,1,1,0,,30.0 -80 350.0,1.0 0 0.0 0 1 0 -0.0 0 1.0
P0304,14,6206149,White,24866.dat,1,17,10,1,1,0,,30.0 -88 350.0,1.0 0 0.0 0 1 0 -0.0 0 1.0
P0305,14,6229130,Green,32607.dat,2,18,6,1,1,180,,50.0 -56 370.0,-1.0 0 0.0 0 1 0 -0.0 0 -1.0
P0308,14,6229130,Green,32607.dat,3,19,6,1,1,0,,70.0 -56 390.0,1.0 0 0.0 0 1 0 -0.0 0 1.0
P0309,14,6206149,White,24866.dat,3,19,7,1,1,0,,70.0 -64 390.0,1.0 0 0.0 0 1 0 -0.0 0 1.0
P0310,14,6229130,Green,32607.dat,4,20,6,1,1,180,,90.0 -56 410.0,-1.0 0 0.0 0 1 0 -0.0 0 -1.0
P0311,14,6182261,Bright Green,32607.dat,5,19,6,1,1,0,,110.0 -56 390.0,1.0 0 0.0 0 1 0 -0.0 0 1.0
P0312,14,6295242,Coral,24866.dat,5,19,7,1,1,0,,110.0 -64 390.0,1.0 0 0.0 0 1 0 -0.0 0 1.0
P0313,14,6229130,Green,32607.dat,6,20,6,1,1,180,,130.0 -56 410.0,-1.0 0 0.0 0 1 0 -0.0 0 -1.0
P0316,14,4211183,Reddish Brown,3062b.dat,20,16,6,1,1,0,,410.0 -72 330.0,1.0 0 0.0 0 1 0 -0.0 0 1.0
P0317,14,6182261,Bright Green,32607.dat,20,16,9,1,1,0,,410.0 -80 330.0,1.0 0 0.0 0 1 0 -0.0 0 1.0
P0318,14,6295242,Coral,24866.dat,20,16,10,1,1,0,,410.0 -88 330.0,1.0 0 0.0 0 1 0 -0.0 0 1.0
P0319,14,6447541,Dark Green,2682a.dat,21,17,6,1,1,90,,430.0 -56 350.0,0.0 0 1.0 0 1 0 -1.0 0 0.0
P0320,14,4211183,Reddish Brown,3062b.dat,20,18,6,1,1,0,,410.0 -72 370.0,1.0 0 0.0 0 1 0 -0.0 0 1.0
P0321,14,6400754,Dark Green,32607.dat,20,18,9,1,1,0,,410.0 -80 370.0,1.0 0 0.0 0 1 0 -0.0 0 1.0
P0322,14,6212501,Bright Pink,24866.dat,20,18,10,1,1,0,,410.0 -88 370.0,1.0 0 0.0 0 1 0 -0.0 0 1.0
P0323,14,6229130,Green,32607.dat,21,19,6,1,1,180,,430.0 -56 390.0,-1.0 0 0.0 0 1 0 -0.0 0 -1.0
P0327,14,6400754,Dark Green,32607.dat,10,13,6,1,1,180,,210.0 -56 270.0,-1.0 0 0.0 0 1 0 -0.0 0 -1.0
P0328,14,6212501,Bright Pink,24866.dat,10,13,7,1,1,180,,210.0 -64 270.0,-1.0 0 0.0 0 1 0 -0.0 0 -1.0
P0329,14,6229130,Green,32607.dat,11,14,6,1,1,270,,230.0 -56 290.0,-0.0 0 -1.0 0 1 0 1.0 0 -0.0
P0330,14,6229130,Green,32607.dat,12,13,6,1,1,0,,250.0 -56 270.0,1.0 0 0.0 0 1 0 -0.0 0 1.0
P0331,14,6206149,White,24866.dat,12,13,7,1,1,0,,250.0 -64 270.0,1.0 0 0.0 0 1 0 -0.0 0 1.0
P0332,14,6229130,Green,32607.dat,13,14,6,1,1,270,,270.0 -56 290.0,-0.0 0 -1.0 0 1 0 1.0 0 -0.0
P0335,14,4211183,Reddish Brown,3062b.dat,1,6,6,1,1,0,,30.0 -72 130.0,1.0 0 0.0 0 1 0 -0.0 0 1.0
P0336,14,6229130,Green,32607.dat,1,6,9,1,1,180,,30.0 -80 130.0,-1.0 0 0.0 0 1 0 -0.0 0 -1.0
P0337,14,6206149,White,24866.dat,1,6,10,1,1,180,,30.0 -88 130.0,-1.0 0 0.0 0 1 0 -0.0 0 -1.0
P0338,14,6447541,Dark Green,2682a.dat,2,6,6,1,1,180,,50.0 -56 130.0,-1.0 0 0.0 0 1 0 -0.0 0 -1.0
P0339,14,4211183,Reddish Brown,3062b.dat,1,8,6,1,1,0,,30.0 -72 170.0,1.0 0 0.0 0 1 0 -0.0 0 1.0
P0340,14,6182261,Bright Green,32607.dat,1,8,9,1,1,180,,30.0 -80 170.0,-1.0 0 0.0 0 1 0 -0.0 0 -1.0
P0341,14,6295242,Coral,24866.dat,1,8,10,1,1,180,,30.0 -88 170.0,-1.0 0 0.0 0 1 0 -0.0 0 -1.0
P0342,14,6229130,Green,32607.dat,2,9,6,1,1,180,,50.0 -56 190.0,-1.0 0 0.0 0 1 0 -0.0 0 -1.0
P0345,14,4211183,Reddish Brown,3062b.dat,21,7,6,1,1,0,,430.0 -72 150.0,1.0 0 0.0 0 1 0 -0.0 0 1.0
P0346,14,6182261,Bright Green,32607.dat,21,7,9,1,1,0,,430.0 -80 150.0,1.0 0 0.0 0 1 0 -0.0 0 1.0
P0347,14,6295242,Coral,24866.dat,21,7,10,1,1,0,,430.0 -88 150.0,1.0 0 0.0 0 1 0 -0.0 0 1.0
P0348,14,6447541,Dark Green,2682a.dat,22,9,6,1,1,0,,450.0 -56 190.0,1.0 0 0.0 0 1 0 -0.0 0 1.0
P0349,14,4211183,Reddish Brown,3062b.dat,21,9,6,1,1,0,,430.0 -72 190.0,1.0 0 0.0 0 1 0 -0.0 0 1.0
P0350,14,6400754,Dark Green,32607.dat,21,9,9,1,1,0,,430.0 -80 190.0,1.0 0 0.0 0 1 0 -0.0 0 1.0
P0351,14,6212501,Bright Pink,24866.dat,21,9,10,1,1,0,,430.0 -88 190.0,1.0 0 0.0 0 1 0 -0.0 0 1.0
P0352,14,6229130,Green,32607.dat,22,7,6,1,1,0,,450.0 -56 150.0,1.0 0 0.0 0 1 0 -0.0 0 1.0
