copy,element,printed_page,quantity,rule,set
1,243101,390,1,verified instruction inventory,21353
1,243226,,1,membership,21353
1,243226,,1,membership,41727
1,243226,,1,membership,41731
1,243226,,1,membership,41736
1,243226,,1,membership,42619
1,243226,,1,membership,42691
1,243226,,1,membership,42704
1,243226,,1,membership,60366
1,243226,,1,membership,60435
1,243226,,1,membership,60497
1,244501,390,19,verified instruction inventory,21353
1,244501,,1,membership,21060
1,244501,,1,membership,31141
1,244501,,1,membership,41727
1,244501,,1,membership,42669
1,244501,,1,membership,42704
1,244501,,1,membership,60371
1,244523,,1,membership,60316
1,245301,,1,membership,31141
1,245301,,1,membership,31153
1,245301,,1,membership,31155
1,245301,,1,membership,41731
1,245301,,1,membership,41743
1,245301,,1,membership,41744
1,245301,,1,membership,42604
1,245301,,1,membership,42605
1,245301,,1,membership,42662
1,245301,,1,membership,42670
1,245301,,1,membership,42687
1,245301,,1,membership,42699
1,245301,,1,membership,60316
1,245301,,1,membership,60330
1,245301,,1,membership,60363
1,245301,,1,membership,60371
1,245301,,1,membership,60439
1,245301,,1,membership,60469
1,245301,,1,membership,60497
1,245301,,1,membership,60502
1,245401,,1,membership,31153
1,245401,,1,membership,41731
1,245401,,1,membership,42604
1,245401,,1,membership,42704
1,245401,,1,membership,60316
1,245401,,1,membership,60320
1,245401,,1,membership,60330
1,245401,,1,membership,60350
1,245401,,1,membership,60371
1,245401,,1,membership,60497
1,245401,,1,membership,60502
1,245426,,1,membership,40528
1,245426,,1,membership,40805
1,245426,,1,membership,60366
1,246501,390,1,verified instruction inventory,21353
1,246501,,1,membership,41727
1,246501,,1,membership,41731
1,246501,,1,membership,42604
1,246501,,1,membership,42687
1,246501,,1,membership,42689
1,246501,,1,membership,42691
1,246501,,1,membership,60330
1,246501,,1,membership,60363
1,246501,,1,membership,60434
1,246501,,1,membership,60502
1,246526,,1,membership,10362
1,246526,,1,membership,21341
1,246526,,1,membership,60337
1,246526,,1,membership,60366
1,246526,,1,membership,60386
1,246526,,1,membership,60497
1,246526,,1,membership,76417
1,300101,390,3,verified instruction inventory,21353
1,300101,,1,membership,11370
1,300101,,1,membership,21345
1,300101,,1,membership,21355
1,300101,,1,membership,31153
1,300101,,1,membership,40804
1,300101,,1,membership,40886
1,300101,,1,membership,41737
1,300101,,1,membership,41743
1,300101,,1,membership,42604
1,300126,,1,membership,10344
1,300126,,1,membership,11042
1,300126,,1,membership,21345
1,300126,,1,membership,31148
1,300201,,1,membership,21060
1,300301,390,4,verified instruction inventory,21353
1,300301,,1,membership,10362
1,300301,,1,membership,11042
1,300301,,1,membership,21060
1,300321,,1,membership,11042
1,300321,,1,membership,11370
1,300321,,1,membership,21353
1,300321,,1,membership,21358
1,300321,,1,membership,31209
1,300321,,1,membership,40805
1,300321,,1,membership,42670
1,300321,,1,membership,60316
1,300323,,1,membership,31209
1,300323,,1,membership,42687
1,300323,,1,membership,60415
1,300323,,1,membership,60500
1,300324,,1,membership,41737
1,300324,,1,membership,41756
1,300324,,1,membership,42649
1,300324,,1,membership,42665
1,300324,,1,membership,42671
1,300324,,1,membership,42680
1,300326,,1,membership,11042
1,300326,,1,membership,11370
1,300326,,1,membership,40805
1,300326,,1,membership,42610
1,300326,,1,membership,60320
1,300326,,1,membership,60366
1,300326,,1,membership,60434
1,300326,,1,membership,60439
1,300326,,1,membership,60497
1,300326,,1,membership,76417
1,300328,,1,membership,40803
1,300328,,1,membership,40804
1,300328,,1,membership,42695
1,300401,390,35,verified instruction inventory,21353
1,300401,,1,membership,11039
1,300401,,1,membership,11042
1,300401,,1,membership,11370
1,300401,,1,membership,21060
1,300401,,1,membership,21345
1,300401,,1,membership,21355
1,300401,,1,membership,31141
1,300401,,1,membership,31172
1,300401,,1,membership,31209
1,300401,,1,membership,40528
1,300401,,1,membership,40619
1,300401,,1,membership,40803
1,300401,,1,membership,40805
1,300401,,1,membership,40954
1,300401,,1,membership,41731
1,300401,,1,membership,41744
1,300401,,1,membership,41754
1,300401,,1,membership,42603
1,300401,,1,membership,42604
1,300401,,1,membership,42605
1,300401,,1,membership,42618
1,300401,,1,membership,42619
1,300401,,1,membership,42623
1,300401,,1,membership,42655
1,300401,,1,membership,42663
1,300401,,1,membership,42669
1,300401,,1,membership,42670
1,300401,,1,membership,42674
1,300401,,1,membership,42687
1,300401,,1,membership,42691
1,300401,,1,membership,42703
1,300401,,1,membership,43279
1,300401,,1,membership,60316
1,300401,,1,membership,60330
1,300401,,1,membership,60337
1,300401,,1,membership,60350
1,300401,,1,membership,60363
1,300401,,1,membership,60366
1,300401,,1,membership,60434
1,300421,,1,membership,11042
1,300421,,1,membership,11370
1,300421,,1,membership,21358
1,300421,,1,membership,31209
1,300421,,1,membership,40803
1,300421,,1,membership,40805
1,300421,,1,membership,40953
1,300421,,1,membership,41727
1,300421,,1,membership,60320
1,300421,,1,membership,60452
1,300423,,1,membership,11370
1,300423,,1,membership,31209
1,300423,,1,membership,40805
1,300423,,1,membership,42610
1,300423,,1,membership,42614
1,300423,,1,membership,42662
1,300423,,1,membership,60316
1,300423,,1,membership,60371
1,300424,,1,membership,11370
1,300424,,1,membership,21358
1,300424,,1,membership,30689
1,300424,,1,membership,31141
1,300424,,1,membership,40528
1,300424,,1,membership,40817
1,300424,,1,membership,41731
1,300424,,1,membership,41759
1,300424,,1,membership,42604
1,300424,,1,membership,42614
1,300424,,1,membership,42663
1,300424,,1,membership,42671
1,300424,,1,membership,42676
1,300424,,1,membership,42702
1,300426,,1,membership,11042
1,300426,,1,membership,11370
1,300426,,1,membership,21058
1,300426,,1,membership,21341
1,300426,,1,membership,21345
1,300426,,1,membership,31172
1,300426,,1,membership,40519
1,300426,,1,membership,40528
1,300426,,1,membership,40569
1,300426,,1,membership,40713
1,300426,,1,membership,40805
1,300426,,1,membership,40818
1,300426,,1,membership,40953
1,300426,,1,membership,40954
1,300426,,1,membership,42604
1,300426,,1,membership,42619
1,300426,,1,membership,42670
1,300426,,1,membership,60366
1,300426,,1,membership,60404
1,300426,,1,membership,60434
1,300426,,1,membership,60439
1,300426,,1,membership,60469
1,300426,,1,membership,60488
1,300426,,1,membership,60502
1,300426,,1,membership,76417
1,300501,390,35,verified instruction inventory,21353
1,300501,,1,membership,10362
1,300501,,1,membership,11370
1,300501,,1,membership,21058
1,300501,,1,membership,21060
1,300501,,1,membership,21345
1,300501,,1,membership,31141
1,300501,,1,membership,31153
1,300501,,1,membership,31160
1,300501,,1,membership,31392
1,300501,,1,membership,40528
1,300501,,1,membership,41731
1,300501,,1,membership,41737
1,300501,,1,membership,41743
1,300501,,1,membership,41744
1,300501,,1,membership,42604
1,300501,,1,membership,42605
1,300501,,1,membership,42644
1,300501,,1,membership,42662
1,300501,,1,membership,42663
1,300501,,1,membership,42669
1,300501,,1,membership,42670
1,300501,,1,membership,42671
1,300501,,1,membership,42674
1,300501,,1,membership,42676
1,300501,,1,membership,42687
1,300501,,1,membership,42689
1,300501,,1,membership,42691
1,300501,,1,membership,42704
1,300501,,1,membership,43279
1,300501,,1,membership,60316
1,300501,,1,membership,60330
1,300501,,1,membership,60366
1,300501,,1,membership,60371
1,300501,,1,membership,60378
1,300501,,1,membership,60384
1,300501,,1,membership,60434
1,300501,,1,membership,60439
1,300501,,1,membership,60452
1,300501,,1,membership,60454
1,300501,,1,membership,60469
1,300501,,1,membership,60502
1,300501,,1,membership,76417
1,300521,,1,membership,11042
1,300521,,1,membership,21358
1,300521,,1,membership,31209
1,300521,,1,membership,40804
1,300521,,1,membership,40805
1,300521,,1,membership,40953
1,300521,,1,membership,60330
1,300523,,1,membership,42610
1,300523,,1,membership,42662
1,300523,,1,membership,42689
1,300523,,1,membership,60316
1,300523,,1,membership,60320
1,300524,,1,membership,31147
1,300524,,1,membership,40528
1,300524,,1,membership,40817
1,300524,,1,membership,42604
1,300524,,1,membership,42614
1,300524,,1,membership,42649
1,300524,,1,membership,42652
1,300524,,1,membership,42670
1,300524,,1,membership,42680
1,300524,,1,membership,42689
1,300524,,1,membership,42702
1,300526,,1,membership,21345
1,300526,,1,membership,31141
1,300526,,1,membership,40805
1,300526,,1,membership,41756
1,300526,,1,membership,41759
1,300526,,1,membership,42604
1,300526,,1,membership,42619
1,300526,,1,membership,60371
1,300526,,1,membership,60469
1,300526,,1,membership,60502
1,300528,,1,membership,21060
1,300528,,1,membership,42603
1,300801,,1,membership,21060
1,300801,,1,membership,21345
1,300801,,1,membership,31141
1,300801,,1,membership,31153
1,300801,,1,membership,31209
1,300801,,1,membership,40528
1,300801,,1,membership,40953
1,300801,,1,membership,41731
1,300801,,1,membership,42604
1,300801,,1,membership,42669
1,300801,,1,membership,42670
1,300801,,1,membership,42687
1,300801,,1,membership,42699
1,300801,,1,membership,60330
1,300801,,1,membership,60337
1,300801,,1,membership,60371
1,300801,,1,membership,60434
1,300801,,1,membership,60439
1,300801,,1,membership,76417
1,300901,390,20,verified instruction inventory,21353
1,300901,,1,membership,21058
1,300901,,1,membership,31153
1,300901,,1,membership,31209
1,300901,,1,membership,40528
1,300901,,1,membership,41731
1,300901,,1,membership,41744
1,300901,,1,membership,42604
1,300901,,1,membership,42605
1,300901,,1,membership,42619
1,300901,,1,membership,42644
1,300901,,1,membership,42663
1,300901,,1,membership,42669
1,300901,,1,membership,42670
1,300901,,1,membership,42671
1,300901,,1,membership,42691
1,300901,,1,membership,42699
1,300901,,1,membership,60330
1,300901,,1,membership,60439
1,300901,,1,membership,60454
1,300901,,1,membership,60502
1,300901,,1,membership,76417
1,301001,390,15,verified instruction inventory,21353
1,301001,,1,membership,11039
1,301001,,1,membership,11370
1,301001,,1,membership,21058
1,301001,,1,membership,21060
1,301001,,1,membership,31134
1,301001,,1,membership,31141
1,301001,,1,membership,31153
1,301001,,1,membership,31172
1,301001,,1,membership,31209
1,301001,,1,membership,31392
1,301001,,1,membership,40528
1,301001,,1,membership,40619
1,301001,,1,membership,41731
1,301001,,1,membership,41743
1,301001,,1,membership,42604
1,301001,,1,membership,42605
1,301001,,1,membership,42655
1,301001,,1,membership,42663
1,301001,,1,membership,42665
1,301001,,1,membership,42670
1,301001,,1,membership,42691
1,301001,,1,membership,42703
1,301001,,1,membership,42704
1,301001,,1,membership,60316
1,301001,,1,membership,60320
1,301001,,1,membership,60330
1,301001,,1,membership,60337
1,301001,,1,membership,60350
1,301001,,1,membership,60363
1,301001,,1,membership,60366
1,301001,,1,membership,60371
1,301001,,1,membership,60384
1,301001,,1,membership,60434
1,301001,,1,membership,60454
1,301001,,1,membership,60469
1,301001,,1,membership,60491
1,301001,,1,membership,60502
1,301026,,1,membership,10362
1,301026,,1,membership,11370
1,301026,,1,membership,21058
1,301026,,1,membership,21345
1,301026,,1,membership,21358
1,301026,,1,membership,40805
1,301026,,1,membership,40817
1,301026,,1,membership,42614
1,301026,,1,membership,42619
1,301026,,1,membership,42674
1,301026,,1,membership,42676
1,301026,,1,membership,60366
1,301026,,1,membership,60434
1,301026,,1,membership,60497
1,301026,,1,membership,60502
1,301026,,1,membership,76417
1,301026,,1,membership,76446
1,302001,,1,membership,11039
1,302001,,1,membership,11042
1,302001,,1,membership,11370
1,302001,,1,membership,21060
1,302001,,1,membership,31141
1,302001,,1,membership,31155
1,302001,,1,membership,31209
1,302001,,1,membership,31390
1,302001,,1,membership,31391
1,302001,,1,membership,40528
1,302001,,1,membership,40803
1,302001,,1,membership,40804
1,302001,,1,membership,41727
1,302001,,1,membership,41731
1,302001,,1,membership,41736
1,302001,,1,membership,41737
1,302001,,1,membership,41744
1,302001,,1,membership,41756
1,302001,,1,membership,42179
1,302001,,1,membership,42603
1,302001,,1,membership,42618
1,302001,,1,membership,42619
1,302001,,1,membership,42655
1,302001,,1,membership,42659
1,302001,,1,membership,42663
1,302001,,1,membership,42665
1,302001,,1,membership,42670
1,302001,,1,membership,42689
1,302001,,1,membership,42695
1,302001,,1,membership,42702
1,302001,,1,membership,42704
1,302001,,1,membership,43271
1,302001,,1,membership,43279
1,302001,,1,membership,60316
1,302001,,1,membership,60350
1,302001,,1,membership,60363
1,302001,,1,membership,60384
1,302001,,1,membership,60386
1,302001,,1,membership,60434
1,302101,390,4,verified instruction inventory,21353
1,302201,390,3,verified instruction inventory,21353
1,302221,,1,membership,10329
1,302221,,1,membership,40803
1,302221,,1,membership,41731
1,302221,,1,membership,42618
1,302221,,1,membership,42635
1,302221,,1,membership,42642
1,302221,,1,membership,42674
1,302221,,1,membership,60316
1,302221,,1,membership,60320
1,302221,,1,membership,60384
1,302221,,1,membership,60482
1,302221,,1,membership,60483
1,302223,,1,membership,40803
1,302223,,1,membership,40804
1,302223,,1,membership,42603
1,302223,,1,membership,42670
1,302223,,1,membership,42687
1,302223,,1,membership,42691
1,302223,,1,membership,60337
1,302224,,1,membership,10329
1,302224,,1,membership,11370
1,302224,,1,membership,21058
1,302224,,1,membership,31149
1,302224,,1,membership,40804
1,302224,,1,membership,40805
1,302224,,1,membership,40817
1,302224,,1,membership,41737
1,302224,,1,membership,42624
1,302224,,1,membership,42652
1,302224,,1,membership,42671
1,302224,,1,membership,60375
1,302224,,1,membership,60401
1,302226,,1,membership,10362
1,302226,,1,membership,21345
1,302226,,1,membership,21358
1,302226,,1,membership,30735
1,302226,,1,membership,31141
1,302226,,1,membership,31209
1,302226,,1,membership,31392
1,302226,,1,membership,40619
1,302226,,1,membership,40804
1,302226,,1,membership,40805
1,302226,,1,membership,41737
1,302226,,1,membership,41744
1,302226,,1,membership,41756
1,302226,,1,membership,42605
1,302226,,1,membership,42662
1,302226,,1,membership,42674
1,302226,,1,membership,60316
1,302226,,1,membership,60404
1,302226,,1,membership,60415
1,302226,,1,membership,60434
1,302226,,1,membership,60439
1,302226,,1,membership,60488
1,302226,,1,membership,60502
1,302226,,1,membership,76417
1,302228,,1,membership,10329
1,302228,,1,membership,40878
1,302228,,1,membership,41744
1,302228,,1,membership,42648
1,302228,,1,membership,42663
1,302301,390,8,verified instruction inventory,21353
1,302328,,1,membership,11370
1,302328,,1,membership,21058
1,302328,,1,membership,21341
1,302328,,1,membership,40878
1,302328,,1,membership,41744
1,302328,,1,membership,42648
1,302328,,1,membership,42652
1,302328,,1,membership,42655
1,302328,,1,membership,42669
1,302328,,1,membership,42671
1,302328,,1,membership,60330
1,302401,390,67,verified instruction inventory,21353
1,302401,,1,membership,10362
1,302401,,1,membership,11042
1,302401,,1,membership,11370
1,302401,,1,membership,21345
1,302401,,1,membership,21355
1,302401,,1,membership,31134
1,302401,,1,membership,31141
1,302401,,1,membership,31153
1,302401,,1,membership,31160
1,302401,,1,membership,31174
1,302401,,1,membership,31392
1,302401,,1,membership,40528
1,302401,,1,membership,40713
1,302401,,1,membership,40817
1,302401,,1,membership,40954
1,302401,,1,membership,41731
1,302401,,1,membership,41737
1,302401,,1,membership,41744
1,302401,,1,membership,41754
1,302401,,1,membership,41756
1,302401,,1,membership,41759
1,302401,,1,membership,42603
1,302401,,1,membership,42604
1,302401,,1,membership,42605
1,302401,,1,membership,42619
1,302401,,1,membership,42655
1,302401,,1,membership,42663
1,302401,,1,membership,42669
1,302401,,1,membership,42670
1,302401,,1,membership,42687
1,302401,,1,membership,42691
1,302401,,1,membership,42695
1,302401,,1,membership,42699
1,302401,,1,membership,42703
1,302401,,1,membership,43279
1,302401,,1,membership,60330
1,302401,,1,membership,60337
1,302401,,1,membership,60371
1,302401,,1,membership,60439
1,302426,,1,membership,11370
1,302426,,1,membership,21058
1,302426,,1,membership,21341
1,302426,,1,membership,21345
1,302426,,1,membership,21358
1,302426,,1,membership,31147
1,302426,,1,membership,31149
1,302426,,1,membership,31153
1,302426,,1,membership,31160
1,302426,,1,membership,40719
1,302426,,1,membership,40804
1,302426,,1,membership,40805
1,302426,,1,membership,40817
1,302428,,1,membership,40713
1,302428,,1,membership,40818
1,302826,,1,membership,21345
1,302826,,1,membership,42704
1,302826,,1,membership,60434
1,302826,,1,membership,60511
1,302926,,1,membership,31147
1,302926,,1,membership,31169
1,302926,,1,membership,40519
1,302926,,1,membership,40569
1,302926,,1,membership,40713
1,302926,,1,membership,40818
1,302926,,1,membership,40954
1,303026,,1,membership,31134
1,303026,,1,membership,31209
1,303026,,1,membership,42619
1,303026,,1,membership,60469
1,303201,,1,membership,21058
1,303201,,1,membership,21060
1,303201,,1,membership,41727
1,303201,,1,membership,41744
1,303201,,1,membership,42619
1,303201,,1,membership,42669
1,303201,,1,membership,42670
1,303201,,1,membership,60371
1,303201,,1,membership,60434
1,303201,,1,membership,60452
1,303201,,1,membership,60454
1,303201,,1,membership,76417
1,303223,,1,membership,31209
1,303223,,1,membership,42687
1,303326,,1,membership,21060
1,303326,,1,membership,21358
1,303401,390,8,verified instruction inventory,21353
1,303401,,1,membership,11370
1,303401,,1,membership,21058
1,303401,,1,membership,21060
1,303401,,1,membership,31155
1,303401,,1,membership,40805
1,303401,,1,membership,41731
1,303401,,1,membership,41756
1,303401,,1,membership,41759
1,303401,,1,membership,42663
1,303401,,1,membership,42670
1,303401,,1,membership,42689
1,303401,,1,membership,43271
1,303401,,1,membership,60439
1,303401,,1,membership,60454
1,303401,,1,membership,60497
1,303401,,1,membership,76417
1,303501,,1,membership,31153
1,303501,,1,membership,31169
1,303501,,1,membership,31172
1,303501,,1,membership,42659
1,303501,,1,membership,60366
1,303501,,1,membership,60434
1,303626,,1,membership,21058
1,303626,,1,membership,31209
1,303626,,1,membership,42610
1,303626,,1,membership,42619
1,303626,,1,membership,60371
1,303626,,1,membership,60434
1,306226,,1,membership,11370
1,306226,,1,membership,21353
1,306226,,1,membership,31153
1,306226,,1,membership,42655
1,306226,,1,membership,42669
1,306226,,1,membership,60371
1,306901,390,12,verified instruction inventory,21353
1,307001,390,2,verified instruction inventory,21353
1,307001,,1,membership,10362
1,307001,,1,membership,11370
1,307001,,1,membership,21060
1,307001,,1,membership,21341
1,307001,,1,membership,31153
1,307001,,1,membership,31380
1,307001,,1,membership,40528
1,307001,,1,membership,40619
1,307001,,1,membership,40803
1,307001,,1,membership,41731
1,307001,,1,membership,41744
1,307001,,1,membership,41756
1,307001,,1,membership,42605
1,307001,,1,membership,42655
1,307001,,1,membership,42669
1,307026,,1,membership,10362
1,307026,,1,membership,21345
1,307026,,1,membership,21355
1,307026,,1,membership,31141
1,307026,,1,membership,40619
1,307026,,1,membership,40804
1,346001,390,8,verified instruction inventory,21353
1,346001,,1,membership,10362
1,346001,,1,membership,11370
1,346001,,1,membership,21058
1,346001,,1,membership,21060
1,346001,,1,membership,31209
1,346001,,1,membership,40528
1,346001,,1,membership,40805
1,346001,,1,membership,41731
1,346001,,1,membership,41743
1,346001,,1,membership,41744
1,346001,,1,membership,41759
1,346001,,1,membership,42605
1,346001,,1,membership,42670
1,346001,,1,membership,42689
1,346001,,1,membership,60330
1,346001,,1,membership,60366
1,346001,,1,membership,60415
1,346001,,1,membership,60434
1,346001,,1,membership,60469
1,346001,,1,membership,60488
1,346001,,1,membership,60502
1,346001,,1,membership,76417
1,362201,390,9,verified instruction inventory,21353
1,362201,,1,membership,11370
1,362201,,1,membership,21060
1,362201,,1,membership,31141
1,362201,,1,membership,31153
1,362201,,1,membership,40528
1,362201,,1,membership,41731
1,362201,,1,membership,42604
1,362201,,1,membership,42605
1,362201,,1,membership,42619
1,362201,,1,membership,42666
1,362201,,1,membership,42669
1,362201,,1,membership,42670
1,362201,,1,membership,42676
1,362201,,1,membership,42687
1,362201,,1,membership,42704
1,362201,,1,membership,60316
1,362201,,1,membership,60371
1,362201,,1,membership,60439
1,362201,,1,membership,60502
1,362201,,1,membership,76417
1,362226,,1,membership,10362
1,362226,,1,membership,11370
1,362226,,1,membership,21058
1,362226,,1,membership,21345
1,362226,,1,membership,21358
1,362226,,1,membership,40805
1,362226,,1,membership,41737
1,362226,,1,membership,42687
1,362226,,1,membership,60366
1,362226,,1,membership,60384
1,362226,,1,membership,76417
1,362301,390,1,verified instruction inventory,21353
1,366601,390,5,verified instruction inventory,21353
1,371001,390,1,verified instruction inventory,21353
1,371028,,1,membership,21341
1,371028,,1,membership,31141
1,371028,,1,membership,40804
1,371028,,1,membership,40878
1,371028,,1,membership,41743
1,371028,,1,membership,42652
1,371028,,1,membership,60316
1,371028,,1,membership,60320
1,379501,,1,membership,11042
1,379501,,1,membership,21060
1,379501,,1,membership,31134
1,379501,,1,membership,31209
1,379501,,1,membership,40818
1,379501,,1,membership,41731
1,379501,,1,membership,41736
1,379501,,1,membership,41744
1,379501,,1,membership,41756
1,379501,,1,membership,42605
1,379501,,1,membership,42619
1,379501,,1,membership,42670
1,379501,,1,membership,42687
1,379501,,1,membership,42699
1,379501,,1,membership,42701
1,379501,,1,membership,43279
1,379501,,1,membership,60330
1,379501,,1,membership,60350
1,379501,,1,membership,60366
1,379501,,1,membership,60434
1,379501,,1,membership,60469
1,379501,,1,membership,60500
1,379501,,1,membership,76446
1,383201,,1,membership,21345
1,383201,390,1,verified instruction inventory,21353
1,383201,,1,membership,31153
1,383201,,1,membership,31169
1,383201,,1,membership,31209
1,383201,,1,membership,41756
1,383201,,1,membership,42663
1,383201,,1,membership,42704
1,383201,,1,membership,60439
1,4107736,,1,membership,11370
1,4107736,,1,membership,41756
1,4107736,,1,membership,42603
1,4109995,,1,membership,11370
1,4109995,,1,membership,21058
1,4109995,,1,membership,31156
1,4109995,,1,membership,40519
1,4109995,,1,membership,42642
1,4109995,,1,membership,42646
1,4109995,,1,membership,42652
1,4109995,,1,membership,42670
1,4109995,,1,membership,42699
1,4109995,,1,membership,42704
1,4109995,,1,membership,60469
1,4112980,259,2,verified instruction inventory,21341
1,4112980,,1,membership,21058
1,4112980,,1,membership,42655
1,4112980,,1,membership,42704
1,4112980,,1,membership,60469
1,4112982,259,37,verified instruction inventory,21341
1,4112982,,1,membership,21058
1,4112982,,1,membership,21060
1,4112982,,1,membership,31155
1,4112982,,1,membership,31156
1,4112982,,1,membership,42655
1,4112982,,1,membership,42663
1,4112982,,1,membership,42691
1,4112982,,1,membership,42704
1,4112982,,1,membership,60320
1,4112982,,1,membership,60469
1,4112982,,1,membership,76417
1,4113915,,1,membership,11370
1,4113915,,1,membership,31141
1,4113915,,1,membership,31153
1,4113915,,1,membership,31155
1,4113915,,1,membership,31156
1,4113915,,1,membership,40519
1,4113915,,1,membership,40805
1,4113915,,1,membership,40818
1,4113915,,1,membership,41737
1,4113915,,1,membership,42646
1,4113915,,1,membership,42652
1,4113915,,1,membership,42663
1,4113915,,1,membership,42671
1,4113915,,1,membership,42676
1,4113915,,1,membership,42704
1,4113915,,1,membership,60469
1,4113915,,1,membership,76446
1,4113916,259,13,verified instruction inventory,21341
1,4113916,,1,membership,11370
1,4113916,,1,membership,21058
1,4113916,,1,membership,21060
1,4113916,,1,membership,21355
1,4113916,,1,membership,31141
1,4113916,,1,membership,31155
1,4113916,,1,membership,31156
1,4113916,,1,membership,42642
1,4113916,,1,membership,42644
1,4113916,,1,membership,42663
1,4113916,,1,membership,42671
1,4113916,,1,membership,42691
1,4113916,,1,membership,60316
1,4113916,,1,membership,60330
1,4113916,,1,membership,60366
1,4113916,,1,membership,60469
1,4113916,,1,membership,76446
1,4113988,,1,membership,21341
1,4113988,,1,membership,21355
1,4113988,,1,membership,31134
1,4113988,,1,membership,31153
1,4113988,,1,membership,40954
1,4113988,,1,membership,41737
1,4113988,,1,membership,42605
1,4113988,,1,membership,42612
1,4113993,,1,membership,21058
1,4114001,,1,membership,21060
1,4114001,,1,membership,21355
1,4114001,,1,membership,31172
1,4114001,,1,membership,41744
1,4114001,,1,membership,42674
1,4114026,390,34,verified instruction inventory,21353
1,4114026,,1,membership,11370
1,4114026,,1,membership,21058
1,4114026,,1,membership,21060
1,4114026,,1,membership,21341
1,4114026,,1,membership,21355
1,4114026,,1,membership,21358
1,4114026,,1,membership,31155
1,4114026,,1,membership,40519
1,4114026,,1,membership,40528
1,4114026,,1,membership,40805
1,4114026,,1,membership,40954
1,4114026,,1,membership,41756
1,4114026,,1,membership,42605
1,4114026,,1,membership,42618
1,4114026,,1,membership,42652
1,4114026,,1,membership,42663
1,4114026,,1,membership,42670
1,4114026,,1,membership,42691
1,4114026,,1,membership,60469
1,4114064,259,2,verified instruction inventory,21341
1,4114064,,1,membership,40805
1,4114064,,1,membership,42655
1,4114064,,1,membership,60469
1,4114064,,1,membership,76417
1,4114306,,1,membership,11370
1,4114306,,1,membership,21058
1,4114306,,1,membership,21341
1,4114306,,1,membership,40878
1,4114309,390,2,verified instruction inventory,21353
1,4114324,,1,membership,21341
1,4114324,,1,membership,31141
1,4114324,,1,membership,40953
1,4114324,,1,membership,41736
1,4114324,,1,membership,41737
1,4114324,,1,membership,42624
1,4114324,,1,membership,42691
1,4114324,,1,membership,42702
1,4114324,,1,membership,42703
1,4114324,,1,membership,60489
1,4119227,390,4,verified instruction inventory,21353
1,4119227,,1,membership,31209
1,4119227,,1,membership,42655
1,4119227,,1,membership,60384
1,4119227,,1,membership,60454
1,4119227,,1,membership,60502
1,4121739,,1,membership,41731
1,4121739,,1,membership,41736
1,4121739,,1,membership,42680
1,4121739,,1,membership,42701
1,4121739,,1,membership,60434
1,4121739,,1,membership,60435
1,4124067,390,5,verified instruction inventory,21353
1,4124456,,1,membership,21058
1,4124456,,1,membership,21355
1,4124456,,1,membership,40569
1,4124456,,1,membership,40954
1,4124456,,1,membership,41731
1,4124456,,1,membership,42655
1,4124456,,1,membership,42670
1,4125217,,1,membership,21058
1,4125253,390,7,verified instruction inventory,21353
1,4125253,,1,membership,11370
1,4125253,,1,membership,21058
1,4125253,,1,membership,21341
1,4125253,,1,membership,31141
1,4125253,,1,membership,40528
1,4125253,,1,membership,40569
1,4125253,,1,membership,40719
1,4125253,,1,membership,42655
1,4125253,,1,membership,60469
1,4143409,390,11,verified instruction inventory,21353
1,4143409,,1,membership,21058
1,4143409,,1,membership,21355
1,4143409,,1,membership,31155
1,4143409,,1,membership,41737
1,4143409,,1,membership,42655
1,4143409,,1,membership,42674
1,4153825,,1,membership,41744
1,4153825,,1,membership,42674
1,4157277,390,6,verified instruction inventory,21353
1,4157277,,1,membership,21058
1,4157277,,1,membership,21060
1,4157277,,1,membership,31155
1,4157277,,1,membership,40954
1,4157277,,1,membership,41737
1,4157277,,1,membership,42670
1,4157277,,1,membership,42674
1,4157277,,1,membership,60469
1,4159007,,1,membership,31383
1,4159007,,1,membership,41744
1,4159007,,1,membership,41754
1,4159007,,1,membership,42695
1,4159007,,1,membership,60320
1,4159007,,1,membership,60330
1,4159007,,1,membership,60371
1,4159553,259,30,verified instruction inventory,21341
1,4159553,390,23,verified instruction inventory,21353
1,4159553,,1,membership,21058
1,4159553,,1,membership,31141
1,4159553,,1,membership,31153
1,4159553,,1,membership,31156
1,4159553,,1,membership,40519
1,4159553,,1,membership,40719
1,4159553,,1,membership,40805
1,4159553,,1,membership,41731
1,4159553,,1,membership,41737
1,4159553,,1,membership,41744
1,4159553,,1,membership,41754
1,4159553,,1,membership,42646
1,4159553,,1,membership,42655
1,4159774,,1,membership,21058
1,4159774,,1,membership,21355
1,4159774,,1,membership,40805
1,4159774,,1,membership,42655
1,4159774,,1,membership,60469
1,416201,390,13,verified instruction inventory,21353
1,416201,,1,membership,21060
1,416201,,1,membership,21345
1,416201,,1,membership,31134
1,416201,,1,membership,31209
1,416201,,1,membership,41731
1,416201,,1,membership,41737
1,416201,,1,membership,42619
1,416201,,1,membership,42655
1,416201,,1,membership,42662
1,416201,,1,membership,42670
1,4162465,,1,membership,11370
1,4162465,,1,membership,21058
1,4162465,,1,membership,31156
1,4162465,,1,membership,40818
1,4162465,,1,membership,42655
1,4162465,,1,membership,42663
1,4162465,,1,membership,42671
1,4162465,,1,membership,42691
1,4162465,,1,membership,42695
1,4162465,,1,membership,42703
1,4162465,,1,membership,42704
1,4162465,,1,membership,60469
1,4162465,,1,membership,76417
1,4164022,,1,membership,11039
1,4164022,,1,membership,11042
1,4164022,,1,membership,40871
1,4164022,,1,membership,42619
1,4164022,,1,membership,42646
1,4164022,,1,membership,42652
1,4164022,,1,membership,42659
1,4164022,,1,membership,42674
1,4164022,,1,membership,42695
1,4164022,,1,membership,60337
1,4166138,,1,membership,21058
1,4166138,,1,membership,42655
1,4166618,,1,membership,31141
1,4166618,,1,membership,42662
1,4166618,,1,membership,60371
1,4166619,,1,membership,31380
1,4168072,,1,membership,31169
1,4168072,,1,membership,41737
1,4173805,,1,membership,40871
1,4173805,,1,membership,41731
1,4173805,,1,membership,41736
1,4173805,,1,membership,42663
1,4173805,,1,membership,42674
1,4173805,,1,membership,42701
1,4181134,,1,membership,21058
1,4181134,,1,membership,21355
1,4181134,,1,membership,41731
1,4181134,,1,membership,41744
1,4181134,,1,membership,41756
1,4181134,,1,membership,42655
1,4181134,,1,membership,42670
1,4181134,,1,membership,42699
1,4181134,,1,membership,42704
1,4181134,,1,membership,60511
1,4181138,,1,membership,11042
1,4181138,,1,membership,21345
1,4181139,,1,membership,42614
1,4181139,,1,membership,60316
1,4181142,390,6,verified instruction inventory,21353
1,4181142,,1,membership,21058
1,4181142,,1,membership,31209
1,4181142,,1,membership,41743
1,4181142,,1,membership,42605
1,4181142,,1,membership,42624
1,4181142,,1,membership,60363
1,4181142,,1,membership,60378
1,4181142,,1,membership,60434
1,4181142,,1,membership,60502
1,4181144,,1,membership,41756
1,4181144,,1,membership,42605
1,4185177,390,31,verified instruction inventory,21353
1,4185177,,1,membership,11370
1,4185177,,1,membership,21058
1,4185177,,1,membership,31155
1,4185177,,1,membership,40805
1,4185177,,1,membership,42605
1,4185177,,1,membership,42618
1,4185177,,1,membership,42635
1,4185177,,1,membership,42655
1,4185177,,1,membership,42670
1,4185177,,1,membership,42695
1,4185177,,1,membership,60337
1,4185177,,1,membership,60434
1,4185177,,1,membership,76417
1,4210678,,1,membership,11370
1,4210706,,1,membership,31141
1,4210706,,1,membership,42687
1,4210706,,1,membership,60404
1,4210706,,1,membership,76417
1,4210720,,1,membership,60316
1,4210720,,1,membership,60469
1,4210720,,1,membership,60502
1,4210783,,1,membership,60337
1,4210783,,1,membership,76417
1,4210794,,1,membership,40528
1,4210794,,1,membership,60337
1,4210794,,1,membership,60434
1,4210794,,1,membership,60469
1,4210794,,1,membership,60502
1,4210794,,1,membership,60511
1,4210794,,1,membership,76417
1,4210796,,1,membership,60330
1,4210796,,1,membership,60439
1,4210796,,1,membership,60469
1,4210796,,1,membership,60497
1,4210796,,1,membership,60500
1,4210798,,1,membership,11370
1,4210798,,1,membership,42669
1,4210798,,1,membership,60511
1,4210802,,1,membership,60330
1,4210802,,1,membership,60469
1,4210875,,1,membership,76417
1,4210997,,1,membership,21060
1,4210998,262,4,verified instruction inventory,21341
1,4210998,,1,membership,11370
1,4210998,,1,membership,21060
1,4210998,,1,membership,31141
1,4210998,,1,membership,31153
1,4210998,,1,membership,41756
1,4210998,,1,membership,60337
1,4210998,,1,membership,60350
1,4210998,,1,membership,60434
1,4210998,,1,membership,60497
1,4210998,,1,membership,60500
1,4211002,,1,membership,11370
1,4211002,,1,membership,21358
1,4211054,,1,membership,11370
1,4211054,,1,membership,21341
1,4211054,,1,membership,60371
1,4211056,,1,membership,10344
1,4211056,,1,membership,11370
1,4211056,,1,membership,21060
1,4211056,,1,membership,31148
1,4211056,,1,membership,40713
1,4211056,,1,membership,40818
1,4211056,,1,membership,41756
1,4211056,,1,membership,60316
1,4211056,,1,membership,60371
1,4211056,,1,membership,60415
1,4211056,,1,membership,60439
1,4211056,,1,membership,60497
1,4211056,,1,membership,60511
1,4211056,,1,membership,76417
1,4211061,,1,membership,21060
1,4211065,,1,membership,21341
1,4211065,,1,membership,31153
1,4211065,,1,membership,31155
1,4211067,322,1,verified instruction inventory,42670
1,4211067,,1,membership,60511
1,4211088,,1,membership,31141
1,4211088,,1,membership,40804
1,4211088,,1,membership,42603
1,4211088,322,1,verified instruction inventory,42670
1,4211088,,1,membership,42701
1,4211088,,1,membership,60316
1,4211088,,1,membership,60337
1,4211088,,1,membership,60497
1,4211098,,1,membership,10362
1,4211098,,1,membership,11370
1,4211098,,1,membership,31141
1,4211098,,1,membership,31153
1,4211098,,1,membership,42662
1,4211098,,1,membership,42669
1,4211098,,1,membership,42701
1,4211098,,1,membership,60337
1,4211098,,1,membership,60434
1,4211098,,1,membership,60439
1,4211098,,1,membership,60502
1,4211099,,1,membership,31153
1,4211099,,1,membership,76417
1,4211100,,1,membership,11370
1,4211100,,1,membership,21341
1,4211100,,1,membership,21355
1,4211100,,1,membership,42669
1,4211100,,1,membership,60316
1,4211100,,1,membership,60375
1,4211100,,1,membership,60434
1,4211100,,1,membership,60439
1,4211100,,1,membership,76417
1,4211103,262,11,verified instruction inventory,21341
1,4211103,,1,membership,11370
1,4211103,,1,membership,31153
1,4211103,,1,membership,41756
1,4211103,,1,membership,60320
1,4211103,,1,membership,60434
1,4211103,,1,membership,60439
1,4211103,,1,membership,60497
1,4211104,,1,membership,21341
1,4211104,,1,membership,31153
1,4211104,,1,membership,41756
1,4211104,,1,membership,60320
1,4211104,,1,membership,76417
1,4211107,,1,membership,42663
1,4211107,,1,membership,76417
1,4211114,,1,membership,11370
1,4211114,,1,membership,40528
1,4211114,,1,membership,42618
1,4211114,,1,membership,60502
1,4211114,,1,membership,76417
1,4211115,,1,membership,11370
1,4211122,,1,membership,42671
1,4211134,,1,membership,43279
1,4211134,,1,membership,60320
1,4211135,,1,membership,10344
1,4211149,,1,membership,10349
1,4211149,,1,membership,10362
1,4211149,,1,membership,11042
1,4211149,,1,membership,11370
1,4211149,,1,membership,21060
1,4211149,,1,membership,21353
1,4211149,,1,membership,42646
1,4211149,,1,membership,42655
1,4211149,,1,membership,42691
1,4211149,,1,membership,43271
1,4211150,322,4,verified instruction inventory,42670
1,4211150,,1,membership,11370
1,4211150,,1,membership,11506
1,4211150,,1,membership,21060
1,4211150,,1,membership,21341
1,4211150,,1,membership,21353
1,4211150,,1,membership,21355
1,4211150,,1,membership,31141
1,4211150,,1,membership,31153
1,4211150,,1,membership,40878
1,4211150,,1,membership,40954
1,4211150,,1,membership,41737
1,4211150,,1,membership,41756
1,4211150,,1,membership,42614
1,4211150,,1,membership,42618
1,4211150,,1,membership,42646
1,4211150,,1,membership,42655
1,4211150,,1,membership,42671
1,4211150,,1,membership,42689
1,4211150,,1,membership,42691
1,4211150,,1,membership,60363
1,4211150,,1,membership,60404
1,4211150,,1,membership,60502
1,4211151,261,11,verified instruction inventory,21341
1,4211151,,1,membership,11370
1,4211151,,1,membership,21060
1,4211151,,1,membership,21353
1,4211151,,1,membership,21355
1,4211151,,1,membership,31141
1,4211152,,1,membership,10362
1,4211152,,1,membership,11370
1,4211152,,1,membership,21060
1,4211152,,1,membership,31141
1,4211152,,1,membership,31156
1,4211152,,1,membership,31384
1,4211152,,1,membership,40805
1,4211152,,1,membership,41737
1,4211152,,1,membership,41756
1,4211152,,1,membership,42649
1,4211152,,1,membership,42652
1,4211183,,1,membership,10329
1,4211183,,1,membership,11370
1,4211183,,1,membership,30689
1,4211183,,1,membership,41737
1,4211183,,1,membership,42624
1,4211183,,1,membership,42648
1,4211186,,1,membership,10344
1,4211186,,1,membership,11039
1,4211186,,1,membership,11042
1,4211186,,1,membership,11370
1,4211186,,1,membership,21058
1,4211186,,1,membership,21060
1,4211186,,1,membership,21341
1,4211186,,1,membership,21353
1,4211186,,1,membership,31141
1,4211186,,1,membership,42652
1,4211186,322,1,verified instruction inventory,42670
1,4211186,,1,membership,42671
1,4211186,,1,membership,42691
1,4211186,,1,membership,60350
1,4211186,,1,membership,60366
1,4211186,,1,membership,60404
1,4211186,,1,membership,60511
1,4211190,,1,membership,10362
1,4211190,,1,membership,11370
1,4211190,,1,membership,21060
1,4211190,,1,membership,21341
1,4211190,,1,membership,21353
1,4211190,,1,membership,31156
1,4211190,,1,membership,41737
1,4211190,,1,membership,41756
1,4211190,,1,membership,42624
1,4211190,,1,membership,42669
1,4211190,,1,membership,60366
1,4211190,,1,membership,60497
1,4211194,261,4,verified instruction inventory,21341
1,4211194,,1,membership,31141
1,4211194,,1,membership,60371
1,4211202,261,56,verified instruction inventory,21341
1,4211204,,1,membership,11370
1,4211204,,1,membership,31141
1,4211204,,1,membership,41737
1,4211204,,1,membership,42652
1,4211204,,1,membership,42655
1,4211204,,1,membership,60366
1,4211204,,1,membership,60469
1,4211204,,1,membership,60511
1,4211210,,1,membership,11039
1,4211210,,1,membership,11370
1,4211210,,1,membership,11506
1,4211210,,1,membership,21060
1,4211210,,1,membership,21353
1,4211210,,1,membership,42646
1,4211210,,1,membership,42648
1,4211210,,1,membership,42652
1,4211211,,1,membership,10362
1,4211211,,1,membership,40805
1,4211220,,1,membership,10362
1,4211220,,1,membership,11042
1,4211220,,1,membership,11370
1,4211220,,1,membership,21060
1,4211220,,1,membership,21341
1,4211220,,1,membership,42655
1,4211225,,1,membership,10362
1,4211225,,1,membership,11370
1,4211225,,1,membership,21060
1,4211225,,1,membership,21341
1,4211225,,1,membership,21353
1,4211225,,1,membership,41756
1,4211225,,1,membership,42691
1,4211242,,1,membership,10362
1,4211242,,1,membership,11370
1,4211242,,1,membership,21060
1,4211242,,1,membership,21341
1,4211242,,1,membership,21355
1,4211242,,1,membership,41756
1,4211242,,1,membership,42618
1,4211242,,1,membership,42691
1,4211247,,1,membership,10362
1,4211247,,1,membership,21341
1,4211247,,1,membership,31156
1,4211247,,1,membership,42691
1,4211247,,1,membership,60350
1,4211247,,1,membership,60469
1,4211362,,1,membership,31153
1,4211362,,1,membership,41737
1,4211362,,1,membership,60366
1,4211362,,1,membership,76417
1,4211363,,1,membership,31153
1,4211363,,1,membership,41737
1,4211363,,1,membership,60316
1,4211366,,1,membership,11370
1,4211366,,1,membership,21058
1,4211366,,1,membership,42604
1,4211366,,1,membership,42669
1,4211385,,1,membership,11370
1,4211385,,1,membership,21058
1,4211385,,1,membership,21060
1,4211385,,1,membership,31147
1,4211385,,1,membership,41737
1,4211385,,1,membership,41744
1,4211385,322,1,verified instruction inventory,42670
1,4211385,,1,membership,42687
1,4211385,,1,membership,60366
1,4211385,,1,membership,60378
1,4211385,,1,membership,60384
1,4211385,,1,membership,60415
1,4211385,,1,membership,60500
1,4211386,322,1,verified instruction inventory,42670
1,4211387,322,2,verified instruction inventory,42670
1,4211388,322,8,verified instruction inventory,42670
1,4211388,,1,membership,11042
1,4211388,,1,membership,11370
1,4211388,,1,membership,21058
1,4211388,,1,membership,21358
1,4211388,,1,membership,31141
1,4211388,,1,membership,31147
1,4211388,,1,membership,31153
1,4211388,,1,membership,41731
1,4211388,,1,membership,41737
1,4211388,,1,membership,41744
1,4211388,,1,membership,41756
1,4211388,,1,membership,42603
1,4211388,,1,membership,42604
1,4211388,,1,membership,42662
1,4211388,,1,membership,42689
1,4211388,,1,membership,60330
1,4211388,,1,membership,60435
1,4211388,,1,membership,60454
1,4211389,322,6,verified instruction inventory,42670
1,4211389,261,4,verified instruction inventory,21341
1,4211389,,1,membership,11042
1,4211389,,1,membership,21358
1,4211389,,1,membership,31147
1,4211389,,1,membership,31153
1,4211389,,1,membership,41737
1,4211389,,1,membership,41744
1,4211389,,1,membership,41756
1,4211389,,1,membership,42604
1,4211389,,1,membership,42669
1,4211389,,1,membership,42689
1,4211389,,1,membership,60366
1,4211389,,1,membership,60371
1,4211389,,1,membership,60453
1,4211389,,1,membership,60469
1,4211389,,1,membership,76417
1,4211392,,1,membership,21058
1,4211392,,1,membership,41737
1,4211392,,1,membership,41756
1,4211392,,1,membership,42604
1,4211392,,1,membership,42619
1,4211392,322,1,verified instruction inventory,42670
1,4211392,,1,membership,42687
1,4211392,,1,membership,42701
1,4211392,,1,membership,60366
1,4211393,,1,membership,31153
1,4211393,,1,membership,41737
1,4211393,,1,membership,41756
1,4211393,,1,membership,42604
1,4211393,,1,membership,60511
1,4211394,261,13,verified instruction inventory,21341
1,4211394,322,4,verified instruction inventory,42670
1,4211394,,1,membership,11042
1,4211394,,1,membership,31153
1,4211394,,1,membership,41736
1,4211394,,1,membership,41737
1,4211394,,1,membership,41756
1,4211394,,1,membership,42604
1,4211394,,1,membership,42605
1,4211394,,1,membership,42662
1,4211394,,1,membership,42701
1,4211394,,1,membership,60316
1,4211394,,1,membership,60337
1,4211394,,1,membership,60454
1,4211398,322,9,verified instruction inventory,42670
1,4211398,,1,membership,10344
1,4211398,,1,membership,10362
1,4211398,,1,membership,11370
1,4211398,,1,membership,21060
1,4211398,,1,membership,21345
1,4211398,,1,membership,21355
1,4211398,,1,membership,21358
1,4211398,,1,membership,31153
1,4211398,,1,membership,40528
1,4211398,,1,membership,40569
1,4211398,,1,membership,40619
1,4211399,322,5,verified instruction inventory,42670
1,4211400,,1,membership,42680
1,4211400,,1,membership,60316
1,4211400,,1,membership,60320
1,4211401,,1,membership,11370
1,4211401,,1,membership,31141
1,4211401,,1,membership,31147
1,4211401,,1,membership,42604
1,4211401,,1,membership,60316
1,4211401,,1,membership,60337
1,4211402,,1,membership,40528
1,4211402,,1,membership,40805
1,4211405,322,2,verified instruction inventory,42670
1,4211405,,1,membership,21060
1,4211405,,1,membership,40528
1,4211405,,1,membership,42663
1,4211405,,1,membership,42671
1,4211405,,1,membership,60434
1,4211407,,1,membership,11370
1,4211407,,1,membership,21060
1,4211407,,1,membership,21358
1,4211407,,1,membership,40528
1,4211407,,1,membership,41727
1,4211407,,1,membership,60316
1,4211408,,1,membership,21060
1,4211408,,1,membership,21353
1,4211408,,1,membership,21358
1,4211408,,1,membership,31141
1,4211408,,1,membership,31153
1,4211408,,1,membership,40528
1,4211408,,1,membership,42655
1,4211408,,1,membership,42689
1,4211408,,1,membership,60316
1,4211408,,1,membership,76417
1,4211410,,1,membership,11370
1,4211410,,1,membership,21341
1,4211410,,1,membership,40818
1,4211410,,1,membership,41737
1,4211410,,1,membership,42669
1,4211412,,1,membership,21341
1,4211412,,1,membership,40804
1,4211412,,1,membership,41759
1,4211412,,1,membership,42605
1,4211425,,1,membership,40528
1,4211425,,1,membership,40805
1,4211425,,1,membership,41737
1,4211425,,1,membership,41756
1,4211425,,1,membership,42674
1,4211425,,1,membership,42689
1,4211425,,1,membership,60316
1,4211425,,1,membership,60330
1,4211425,,1,membership,60469
1,4211428,322,4,verified instruction inventory,42670
1,4211428,,1,membership,31147
1,4211428,,1,membership,41731
1,4211428,,1,membership,41737
1,4211428,,1,membership,41756
1,4211428,,1,membership,42604
1,4211428,,1,membership,42687
1,4211428,,1,membership,60316
1,4211428,,1,membership,60330
1,4211428,,1,membership,60366
1,4211428,,1,membership,60434
1,4211428,,1,membership,76417
1,4211429,322,2,verified instruction inventory,42670
1,4211429,,1,membership,21060
1,4211429,,1,membership,21345
1,4211429,,1,membership,21353
1,4211438,322,5,verified instruction inventory,42670
1,4211438,,1,membership,10362
1,4211438,,1,membership,11370
1,4211438,,1,membership,21353
1,4211438,,1,membership,21358
1,4211438,,1,membership,31141
1,4211438,,1,membership,31153
1,4211438,,1,membership,40805
1,4211438,,1,membership,41737
1,4211438,,1,membership,41756
1,4211438,,1,membership,42605
1,4211438,,1,membership,42659
1,4211438,,1,membership,42663
1,4211438,,1,membership,42671
1,4211438,,1,membership,42674
1,4211438,,1,membership,42687
1,4211438,,1,membership,42695
1,4211438,,1,membership,60316
1,4211438,,1,membership,60320
1,4211438,,1,membership,60350
1,4211438,,1,membership,60366
1,4211438,,1,membership,60434
1,4211438,,1,membership,60452
1,4211438,,1,membership,60454
1,4211438,,1,membership,60469
1,4211438,,1,membership,76417
1,4211445,322,2,verified instruction inventory,42670
1,4211445,,1,membership,11370
1,4211445,,1,membership,21058
1,4211445,,1,membership,21060
1,4211445,,1,membership,21345
1,4211445,,1,membership,31141
1,4211445,,1,membership,31153
1,4211481,322,2,verified instruction inventory,42670
1,4211521,322,2,verified instruction inventory,42670
1,4211521,,1,membership,21341
1,4211521,,1,membership,41737
1,4211521,,1,membership,60469
1,4211522,322,3,verified instruction inventory,42670
1,4211522,,1,membership,31148
1,4211522,,1,membership,31153
1,4211614,322,10,verified instruction inventory,42670
1,4211614,,1,membership,21341
1,4211614,,1,membership,31141
1,4211614,,1,membership,31169
1,4211614,,1,membership,41737
1,4211614,,1,membership,60366
1,4211614,,1,membership,60502
1,4211795,322,4,verified instruction inventory,42670
1,4211795,,1,membership,21058
1,4211795,,1,membership,21060
1,4211795,,1,membership,21358
1,4211795,,1,membership,31153
1,4211795,,1,membership,40818
1,4211795,,1,membership,42605
1,4211795,,1,membership,42687
1,4211795,,1,membership,60337
1,4211795,,1,membership,60434
1,4211795,,1,membership,60469
1,4212410,,1,membership,40805
1,4212414,,1,membership,40805
1,4212414,,1,membership,60330
1,4216695,,1,membership,11042
1,4216695,,1,membership,11370
1,4216695,,1,membership,11506
1,4216695,,1,membership,21341
1,4216695,,1,membership,21353
1,4216695,,1,membership,31141
1,4216695,,1,membership,41727
1,4216695,,1,membership,41731
1,4216695,,1,membership,41756
1,4216695,,1,membership,42652
1,4216695,,1,membership,42655
1,4216695,,1,membership,42691
1,4216695,,1,membership,60497
1,4216945,,1,membership,11370
1,4216945,,1,membership,40805
1,4216945,,1,membership,60511
1,4220632,,1,membership,11039
1,4220632,,1,membership,11042
1,4220632,,1,membership,21341
1,4220632,,1,membership,40871
1,4221590,,1,membership,10362
1,4221590,,1,membership,11370
1,4221590,,1,membership,21058
1,4221590,,1,membership,21060
1,4221590,,1,membership,31141
1,4221590,,1,membership,31156
1,4221590,,1,membership,41756
1,4221590,,1,membership,42655
1,4221590,,1,membership,42669
1,4221590,,1,membership,42689
1,4221590,,1,membership,60511
1,4221744,,1,membership,10362
1,4221744,,1,membership,11370
1,4221744,,1,membership,21058
1,4221744,,1,membership,21060
1,4221744,,1,membership,21341
1,4221744,,1,membership,21353
1,4221744,,1,membership,21355
1,4221744,,1,membership,40619
1,4221744,,1,membership,40713
1,4221744,,1,membership,41737
1,4221744,,1,membership,41756
1,4221744,,1,membership,42624
1,4221744,,1,membership,42652
1,4221744,322,1,verified instruction inventory,42670
1,4221744,,1,membership,42671
1,4221744,,1,membership,42689
1,4221744,,1,membership,60330
1,4223683,,1,membership,21353
1,4223683,,1,membership,31156
1,4223683,,1,membership,41737
1,4223683,,1,membership,41756
1,4223683,,1,membership,60366
1,4223683,,1,membership,60511
1,4224243,,1,membership,21058
1,4224243,,1,membership,42646
1,4226966,,1,membership,11370
1,4226966,,1,membership,60371
1,4243812,390,3,verified instruction inventory,21353
1,4243812,,1,membership,11042
1,4243812,,1,membership,11370
1,4243812,,1,membership,21060
1,4243812,,1,membership,31391
1,4243812,,1,membership,40619
1,4243812,,1,membership,40803
1,4243812,,1,membership,42703
1,4243812,,1,membership,60415
1,4243819,,1,membership,10329
1,4243819,,1,membership,11042
1,4243831,,1,membership,42603
1,4245570,,1,membership,42669
1,4245570,,1,membership,60511
1,4247151,,1,membership,21058
1,4247151,,1,membership,21060
1,4247151,,1,membership,21353
1,4249019,,1,membership,11370
1,4249019,,1,membership,21058
1,4249891,,1,membership,11370
1,4249891,,1,membership,31380
1,4249891,,1,membership,41756
1,4249891,,1,membership,42674
1,4249891,,1,membership,42691
1,4249891,,1,membership,60497
1,4251149,,1,membership,31153
1,4251149,,1,membership,31160
1,4251149,,1,membership,40805
1,4251149,,1,membership,42604
1,4251149,,1,membership,42663
1,4251149,322,1,verified instruction inventory,42670
1,4251149,,1,membership,60320
1,4251149,,1,membership,60386
1,4251149,,1,membership,60454
1,4251149,,1,membership,60502
1,4251149,,1,membership,76417
1,4257526,,1,membership,10362
1,4257526,,1,membership,21358
1,4257526,,1,membership,42687
1,4257526,,1,membership,60434
1,4257526,,1,membership,60502
1,4257526,,1,membership,60511
1,4271949,,1,membership,21341
1,4271949,,1,membership,21353
1,4271949,,1,membership,21355
1,4271949,,1,membership,42704
1,4277016,,1,membership,11370
1,4277016,,1,membership,41727
1,4293831,,1,membership,60330
1,4293831,,1,membership,60386
1,4295313,,1,membership,42691
1,4296785,,1,membership,41736
1,4296785,,1,membership,42680
1,4296785,,1,membership,42702
1,447701,390,7,verified instruction inventory,21353
1,447701,,1,membership,11370
1,447701,,1,membership,21060
1,447701,,1,membership,21345
1,447701,,1,membership,31141
1,447701,,1,membership,31153
1,447701,,1,membership,41737
1,447701,,1,membership,41744
1,447701,,1,membership,42619
1,447701,,1,membership,42670
1,447701,,1,membership,42687
1,447701,,1,membership,42691
1,447701,,1,membership,42701
1,447701,,1,membership,42704
1,447701,,1,membership,60330
1,447701,,1,membership,60439
1,447701,,1,membership,60454
1,447701,,1,membership,76417
1,4492224,,1,membership,11042
1,4492224,,1,membership,31141
1,4492224,,1,membership,42691
1,4504228,,1,membership,41731
1,4504228,,1,membership,41744
1,4504228,,1,membership,42604
1,4504228,,1,membership,42605
1,4504228,,1,membership,42670
1,4504228,,1,membership,60316
1,4504228,,1,membership,60320
1,4504228,,1,membership,60330
1,4504228,,1,membership,60371
1,4504228,,1,membership,60502
1,4509897,,1,membership,21341
1,4509897,,1,membership,31141
1,4509897,,1,membership,31153
1,4509897,,1,membership,41737
1,4509897,,1,membership,41743
1,4509897,,1,membership,41754
1,4509897,,1,membership,42624
1,4509897,,1,membership,42674
1,4509897,,1,membership,42691
1,4509897,,1,membership,42701
1,4509897,,1,membership,60454
1,4512688,,1,membership,60469
1,4512688,,1,membership,76417
1,4513539,,1,membership,40805
1,4513539,,1,membership,42604
1,4513539,,1,membership,42619
1,4514842,390,6,verified instruction inventory,21353
1,4514842,,1,membership,21060
1,4514842,,1,membership,21341
1,4514842,,1,membership,31156
1,4514842,,1,membership,31160
1,4514842,,1,membership,42662
1,4514842,,1,membership,42663
1,4514842,,1,membership,60439
1,4514846,,1,membership,21358
1,4514846,,1,membership,31141
1,4514846,,1,membership,42663
1,4514846,,1,membership,42674
1,4514846,,1,membership,60320
1,4517992,,1,membership,42691
1,4517993,,1,membership,31169
1,4517993,,1,membership,42662
1,4519946,262,7,verified instruction inventory,21341
1,4521914,,1,membership,21058
1,4521914,,1,membership,21060
1,4521914,,1,membership,21353
1,4521914,,1,membership,60415
1,4521914,,1,membership,60434
1,4521915,,1,membership,42646
1,4521915,,1,membership,60511
1,4521921,,1,membership,11042
1,4521921,,1,membership,31160
1,4521921,,1,membership,31169
1,4521921,,1,membership,41737
1,4521921,,1,membership,42603
1,4521921,,1,membership,42604
1,4521921,,1,membership,60330
1,4527174,,1,membership,41756
1,4528341,390,4,verified instruction inventory,21353
1,4530589,,1,membership,21345
1,4530589,,1,membership,31141
1,4530589,,1,membership,31153
1,4530589,,1,membership,42605
1,4530589,,1,membership,42655
1,4530589,,1,membership,60337
1,4530589,,1,membership,60366
1,4530589,,1,membership,60384
1,4530590,,1,membership,11042
1,4530590,,1,membership,31155
1,4530590,,1,membership,40805
1,4530590,,1,membership,42663
1,4530590,,1,membership,42666
1,4530590,,1,membership,42670
1,4530590,,1,membership,42671
1,4530590,,1,membership,42674
1,4530590,,1,membership,42692
1,4530590,,1,membership,42695
1,4537937,,1,membership,10344
1,4537937,,1,membership,11042
1,4537937,,1,membership,40719
1,4537937,,1,membership,40878
1,4537937,,1,membership,41756
1,4537937,,1,membership,42624
1,4537937,,1,membership,42676
1,4537937,,1,membership,42695
1,4537937,,1,membership,42701
1,4537937,,1,membership,60337
1,4537937,,1,membership,60404
1,4537937,,1,membership,60489
1,4539102,,1,membership,11370
1,4539104,,1,membership,11370
1,4544139,,1,membership,11370
1,4544139,,1,membership,21058
1,4544139,,1,membership,21355
1,4544139,,1,membership,42655
1,4544139,,1,membership,42695
1,4544139,,1,membership,42704
1,4544139,,1,membership,60350
1,4544139,,1,membership,60371
1,4550324,390,7,verified instruction inventory,21353
1,4550324,,1,membership,10362
1,4550324,,1,membership,11370
1,4550324,,1,membership,31153
1,4550324,,1,membership,31156
1,4550324,,1,membership,40519
1,4550324,,1,membership,40569
1,4550324,,1,membership,41727
1,4550324,,1,membership,42659
1,4550324,,1,membership,42670
1,4550324,,1,membership,42671
1,4550324,,1,membership,42691
1,4550324,,1,membership,60337
1,4550324,,1,membership,60489
1,4550359,,1,membership,30689
1,4550359,,1,membership,40619
1,4550359,,1,membership,40878
1,4550359,,1,membership,42614
1,4558168,390,3,verified instruction inventory,21353
1,4558168,,1,membership,11370
1,4558168,,1,membership,21060
1,4558168,,1,membership,31209
1,4558208,,1,membership,31141
1,4558208,,1,membership,31391
1,4558208,,1,membership,41731
1,4558208,,1,membership,41744
1,4558208,,1,membership,42604
1,4558208,,1,membership,42605
1,4558208,,1,membership,42614
1,4558208,,1,membership,42662
1,4558208,,1,membership,42670
1,4558208,,1,membership,42704
1,4558208,,1,membership,60316
1,4558208,,1,membership,60330
1,4558208,,1,membership,60363
1,4558208,,1,membership,60454
1,4558209,,1,membership,42662
1,4558209,,1,membership,60384
1,4558209,,1,membership,60404
1,4558209,,1,membership,60488
1,4558952,390,1,verified instruction inventory,21353
1,4560178,,1,membership,11370
1,4560178,,1,membership,21341
1,4566308,,1,membership,31153
1,4566308,,1,membership,42619
1,4566308,,1,membership,42674
1,4566308,,1,membership,60366
1,4566688,,1,membership,40954
1,4568637,,1,membership,11042
1,4568637,,1,membership,11370
1,4568637,,1,membership,41731
1,4568637,,1,membership,41756
1,4568637,,1,membership,42603
1,4568637,,1,membership,42610
1,4568637,,1,membership,42695
1,4568637,,1,membership,60320
1,4568637,,1,membership,60337
1,4569382,,1,membership,31148
1,4569382,,1,membership,42604
1,4569382,,1,membership,42642
1,4569382,,1,membership,42652
1,4569382,,1,membership,42671
1,4569382,,1,membership,42687
1,4569382,,1,membership,60366
1,4569382,,1,membership,60469
1,4569382,,1,membership,60511
1,4579260,,1,membership,21058
1,4579260,,1,membership,21353
1,4579260,,1,membership,31134
1,4579260,,1,membership,31141
1,4579260,,1,membership,42605
1,4579260,,1,membership,42703
1,4579260,,1,membership,76417
1,4579659,,1,membership,30689
1,4579659,,1,membership,42624
1,4579659,,1,membership,42652
1,4579659,,1,membership,42666
1,4579659,,1,membership,42671
1,4579659,,1,membership,60439
1,4579690,,1,membership,11370
1,4579690,,1,membership,42652
1,4579690,,1,membership,60337
1,4585337,261,9,verified instruction inventory,21341
1,4585337,,1,membership,21060
1,4585337,,1,membership,42648
1,4585337,,1,membership,42652
1,4585337,,1,membership,60511
1,4585429,,1,membership,42604
1,4585429,,1,membership,43279
1,4585448,,1,membership,41731
1,4585448,,1,membership,42605
1,4585448,,1,membership,42662
1,4585448,,1,membership,42666
1,4585448,,1,membership,76417
1,4598522,,1,membership,42655
1,4598522,,1,membership,60316
1,4598522,,1,membership,60371
1,4598522,,1,membership,60434
1,4614788,,1,membership,60337
1,4614788,,1,membership,60384
1,4616581,,1,membership,10362
1,4616581,,1,membership,11370
1,4621545,,1,membership,11042
1,4621545,,1,membership,31141
1,4621545,,1,membership,41731
1,4621545,,1,membership,41759
1,4621545,,1,membership,42691
1,4623598,,1,membership,41737
1,4623598,,1,membership,42603
1,4623598,,1,membership,42619
1,4623598,,1,membership,42674
1,4623598,,1,membership,42703
1,4624185,,1,membership,21058
1,4624185,,1,membership,31153
1,4624185,,1,membership,41737
1,4624185,,1,membership,42663
1,4624185,,1,membership,42691
1,4624223,,1,membership,41731
1,4624223,,1,membership,41737
1,4624223,,1,membership,41743
1,4624223,,1,membership,42649
1,4624223,,1,membership,42701
1,4624911,,1,membership,31153
1,4624911,,1,membership,41736
1,4624911,,1,membership,60366
1,4646577,,1,membership,60386
1,4647553,,1,membership,42670
1,4653540,,1,membership,41727
1,4653960,,1,membership,60363
1,4653970,,1,membership,11042
1,4653970,,1,membership,41737
1,4653970,,1,membership,42692
1,4656783,,1,membership,31141
1,4656783,,1,membership,41731
1,4656783,,1,membership,41743
1,4656783,,1,membership,42670
1,4656783,,1,membership,42691
1,4656783,,1,membership,60371
1,4656783,,1,membership,76417
1,4659665,,1,membership,21358
1,4659665,,1,membership,42670
1,6000066,,1,membership,21341
1,6000066,,1,membership,41743
1,6000066,,1,membership,60316
1,6000066,,1,membership,76417
1,6000311,,1,membership,21341
1,6000311,,1,membership,42669
1,6001822,,1,membership,21058
1,6001822,,1,membership,21060
1,6001822,,1,membership,21341
1,6001822,,1,membership,21353
1,6001822,,1,membership,76417
1,6001824,260,20,verified instruction inventory,21341
1,6003003,,1,membership,11042
1,6003003,,1,membership,42610
1,6003003,,1,membership,42666
1,6004943,,1,membership,21345
1,6004943,,1,membership,41727
1,6004943,,1,membership,41743
1,6004943,,1,membership,41744
1,6004943,,1,membership,42663
1,6004943,,1,membership,42689
1,6004943,,1,membership,60502
1,6008715,,1,membership,42604
1,6013102,,1,membership,21058
1,6013102,,1,membership,40528
1,6013102,,1,membership,42670
1,6013102,,1,membership,42701
1,6022032,,1,membership,31141
1,6022032,,1,membership,31148
1,6022032,,1,membership,31149
1,6022032,,1,membership,31155
1,6022032,,1,membership,31391
1,6022032,,1,membership,31392
1,6022032,,1,membership,42646
1,6022032,,1,membership,42662
1,6022032,,1,membership,42663
1,6022032,,1,membership,42670
1,6022083,,1,membership,10349
1,6022083,,1,membership,31391
1,6022083,,1,membership,41727
1,6022083,,1,membership,42655
1,6030980,,1,membership,21058
1,6030980,,1,membership,60469
1,6033776,,1,membership,31209
1,6033776,,1,membership,42663
1,6037384,,1,membership,31209
1,6037390,,1,membership,40805
1,6037390,,1,membership,60366
1,6037398,,1,membership,21058
1,6037398,,1,membership,60375
1,6037399,,1,membership,21353
1,6037399,,1,membership,41737
1,6037399,,1,membership,60371
1,6037399,,1,membership,76417
1,6037834,,1,membership,21060
1,6055104,,1,membership,42614
1,6055104,,1,membership,60316
1,6055145,,1,membership,10362
1,6055145,,1,membership,11370
1,6055145,,1,membership,21060
1,6055145,,1,membership,60511
1,6055169,,1,membership,40713
1,6055169,,1,membership,42663
1,6055169,,1,membership,42670
1,6055169,,1,membership,60511
1,6055541,390,10,verified instruction inventory,21353
1,6055541,,1,membership,11370
1,6055541,,1,membership,31153
1,6055541,,1,membership,31155
1,6055541,,1,membership,40528
1,6055541,,1,membership,41731
1,6055541,,1,membership,41736
1,6055541,,1,membership,41744
1,6055541,,1,membership,42604
1,6055541,,1,membership,42605
1,6055541,,1,membership,42644
1,6055541,,1,membership,42670
1,6055541,,1,membership,42687
1,6055541,,1,membership,42689
1,6055541,,1,membership,42699
1,6055541,,1,membership,60350
1,6055541,,1,membership,60439
1,6055541,,1,membership,60452
1,6055541,,1,membership,60500
1,6055541,,1,membership,60502
1,6056383,,1,membership,31153
1,6056383,,1,membership,40719
1,6056383,,1,membership,42619
1,6056383,,1,membership,42670
1,6057517,259,13,verified instruction inventory,21341
1,6057517,,1,membership,31141
1,6057517,,1,membership,42652
1,6057517,,1,membership,42704
1,6057517,,1,membership,60320
1,6058085,,1,membership,42670
1,6058085,,1,membership,42687
1,6058085,,1,membership,60366
1,6058085,,1,membership,60404
1,6058085,,1,membership,76417
1,6058221,262,26,verified instruction inventory,21341
1,6059033,,1,membership,43279
1,6061700,,1,membership,10362
1,6061700,,1,membership,60320
1,6061700,,1,membership,60371
1,6061700,,1,membership,60488
1,6061702,,1,membership,10362
1,6061702,,1,membership,31153
1,6061702,,1,membership,41737
1,6061702,,1,membership,41756
1,6061702,,1,membership,60469
1,6065496,,1,membership,31153
1,6065496,,1,membership,60404
1,6065496,,1,membership,60488
1,6065496,,1,membership,76417
1,6071299,,1,membership,60366
1,6075179,,1,membership,21060
1,6075179,,1,membership,31156
1,6075179,,1,membership,41737
1,6075179,,1,membership,42652
1,6075179,,1,membership,42689
1,6075179,,1,membership,60469
1,6075179,,1,membership,76417
1,6092649,,1,membership,31141
1,6092649,,1,membership,60316
1,6092649,,1,membership,60320
1,6092649,,1,membership,60375
1,6092649,,1,membership,60415
1,6092649,,1,membership,60489
1,6092674,,1,membership,11042
1,6092674,,1,membership,31153
1,6092674,,1,membership,40871
1,6092674,,1,membership,42689
1,6092674,,1,membership,42699
1,6092674,,1,membership,42703
1,6093908,,1,membership,11370
1,6094066,,1,membership,10362
1,6094066,,1,membership,60366
1,6094066,,1,membership,60469
1,6096589,,1,membership,11506
1,6096589,,1,membership,42701
1,6096589,,1,membership,60488
1,6097861,322,9,verified instruction inventory,42670
1,6097861,,1,membership,10349
1,6097861,,1,membership,31172
1,6097861,,1,membership,31174
1,6097861,,1,membership,31383
1,6097861,,1,membership,42655
1,6097861,,1,membership,42671
1,6097861,,1,membership,60363
1,6099351,,1,membership,41727
1,6099351,,1,membership,41736
1,6099351,,1,membership,42669
1,6099352,,1,membership,31149
1,6099352,,1,membership,41727
1,6099352,,1,membership,41736
1,6099352,,1,membership,42669
1,6099352,,1,membership,42695
1,6100322,,1,membership,31172
1,6100322,,1,membership,31174
1,6100322,,1,membership,31383
1,6100322,,1,membership,42618
1,6100322,,1,membership,42655
1,6100322,,1,membership,60363
1,6104154,,1,membership,42605
1,6104154,,1,membership,76446
1,6104578,,1,membership,11506
1,6104578,,1,membership,31149
1,6104578,,1,membership,42618
1,6104578,,1,membership,42670
1,6106183,390,19,verified instruction inventory,21353
1,6106183,,1,membership,11370
1,6106183,,1,membership,42605
1,6106183,,1,membership,42699
1,6106183,,1,membership,60371
1,611101,,1,membership,21345
1,611101,,1,membership,41737
1,611101,,1,membership,42670
1,611101,,1,membership,42671
1,611101,,1,membership,42691
1,611101,,1,membership,42704
1,611201,,1,membership,42604
1,611201,,1,membership,42619
1,611201,,1,membership,42670
1,611201,,1,membership,60316
1,611201,,1,membership,60330
1,611201,,1,membership,60337
1,6122047,390,12,verified instruction inventory,21353
1,6122047,,1,membership,21058
1,6122047,,1,membership,21355
1,6122047,,1,membership,40519
1,6122047,,1,membership,41737
1,6122047,,1,membership,41759
1,6122047,,1,membership,42669
1,6122047,,1,membership,60320
1,6122047,,1,membership,60337
1,6122047,,1,membership,60453
1,6122047,,1,membership,76446
1,6131896,390,4,verified instruction inventory,21353
1,6131896,,1,membership,21058
1,6131896,,1,membership,21060
1,6131896,,1,membership,40519
1,6131896,,1,membership,40954
1,6131896,,1,membership,41756
1,6131896,,1,membership,42652
1,6131896,,1,membership,42655
1,6131896,,1,membership,42671
1,6131896,,1,membership,42689
1,6131896,,1,membership,60469
1,6133611,,1,membership,11370
1,6133611,,1,membership,21060
1,6133611,,1,membership,76417
1,6135112,,1,membership,42646
1,6138752,,1,membership,60350
1,6143721,,1,membership,42614
1,6146221,,1,membership,42659
1,6146221,,1,membership,42670
1,6146221,,1,membership,42671
1,6146221,,1,membership,60375
1,6146223,,1,membership,21358
1,6146223,,1,membership,31169
1,6146223,,1,membership,42605
1,6146223,,1,membership,76446
1,6146225,,1,membership,60452
1,6146877,,1,membership,11370
1,6146877,,1,membership,21060
1,6146877,,1,membership,31141
1,6146877,,1,membership,41756
1,6146877,,1,membership,42648
1,6146877,,1,membership,42695
1,6146877,,1,membership,60454
1,6148262,259,31,verified instruction inventory,21341
1,6149781,,1,membership,42649
1,6149781,,1,membership,42652
1,6149781,,1,membership,42674
1,6149781,,1,membership,42699
1,6149781,,1,membership,60378
1,6156462,,1,membership,11370
1,6156462,,1,membership,21058
1,6156462,,1,membership,21060
1,6156462,,1,membership,21341
1,6156462,,1,membership,21355
1,6156462,,1,membership,31153
1,6156462,,1,membership,31156
1,6156462,,1,membership,41737
1,6156462,,1,membership,60469
1,6156462,,1,membership,76417
1,6156492,,1,membership,21058
1,6156492,,1,membership,21060
1,6156492,,1,membership,21341
1,6156492,,1,membership,41756
1,6156492,,1,membership,76417
1,6162894,,1,membership,42704
1,6177699,,1,membership,11370
1,6177699,,1,membership,21341
1,6177699,,1,membership,41756
1,6177699,,1,membership,42624
1,6177699,,1,membership,42669
1,6186400,,1,membership,42655
1,6186400,,1,membership,76417
1,6187438,,1,membership,60386
1,6194729,,1,membership,21060
1,6194729,,1,membership,21341
1,6194729,,1,membership,41754
1,6206149,,1,membership,11370
1,6206149,,1,membership,21355
1,6206149,,1,membership,30721
1,6209673,,1,membership,41727
1,6209673,,1,membership,41743
1,6209673,,1,membership,41744
1,6209673,,1,membership,42604
1,6209673,,1,membership,42641
1,6209673,,1,membership,42644
1,6212064,,1,membership,42676
1,6212501,,1,membership,10362
1,6212501,,1,membership,21060
1,6212501,,1,membership,40713
1,6212501,,1,membership,40818
1,6212501,,1,membership,40954
1,6212501,,1,membership,42604
1,6212501,,1,membership,42618
1,6212501,,1,membership,42655
1,6212501,,1,membership,42669
1,6212501,,1,membership,42671
1,6212501,,1,membership,42689
1,6212501,,1,membership,42695
1,6212501,,1,membership,60363
1,6213676,,1,membership,21058
1,6213676,,1,membership,42663
1,6213676,,1,membership,60320
1,6213676,,1,membership,60454
1,6213776,,1,membership,21355
1,6213776,,1,membership,31141
1,6213776,,1,membership,41731
1,6213776,,1,membership,41736
1,6213776,,1,membership,41754
1,6213776,,1,membership,41759
1,6213776,,1,membership,60330
1,6213779,,1,membership,31141
1,6213779,,1,membership,31148
1,6213787,,1,membership,41754
1,6214611,,1,membership,21058
1,6214611,,1,membership,42701
1,6217659,,1,membership,31141
1,6217659,,1,membership,41731
1,6217659,,1,membership,41754
1,6217659,,1,membership,41756
1,6217659,,1,membership,42663
1,6217659,,1,membership,60330
1,6217659,,1,membership,60371
1,6223065,,1,membership,21353
1,6223065,,1,membership,40878
1,6223065,,1,membership,41756
1,6223065,,1,membership,42604
1,6223065,,1,membership,42624
1,6223065,,1,membership,60330
1,6223065,,1,membership,60371
1,6223065,,1,membership,60375
1,6226437,,1,membership,21341
1,6226437,,1,membership,31147
1,6229130,,1,membership,21353
1,6229130,,1,membership,21355
1,6229130,,1,membership,31141
1,6229130,,1,membership,31153
1,6229130,,1,membership,31391
1,6229130,,1,membership,40528
1,6229130,,1,membership,41731
1,6229130,,1,membership,41743
1,6229130,,1,membership,41744
1,6229130,,1,membership,42618
1,6229130,,1,membership,42642
1,6229130,,1,membership,42648
1,6229130,,1,membership,42649
1,6229130,,1,membership,42669
1,6232137,,1,membership,21060
1,6232137,,1,membership,21353
1,6249390,,1,membership,40878
1,6249390,,1,membership,41731
1,6249390,,1,membership,41736
1,6249390,,1,membership,41737
1,6249390,,1,membership,41759
1,6249390,,1,membership,42604
1,6249390,,1,membership,42624
1,6249390,,1,membership,42641
1,6249390,,1,membership,42644
1,6249390,,1,membership,42663
1,6249390,,1,membership,42674
1,6249390,,1,membership,60330
1,6251284,,1,membership,60363
1,6251285,,1,membership,31153
1,6251285,,1,membership,40528
1,6251285,,1,membership,41744
1,6252586,,1,membership,41731
1,6253939,,1,membership,42655
1,6253939,,1,membership,42699
1,6254254,,1,membership,31153
1,6254254,,1,membership,60401
1,6254256,,1,membership,21341
1,6254256,,1,membership,60434
1,6254256,,1,membership,60439
1,6254256,,1,membership,60454
1,6256127,,1,membership,41744
1,6256127,,1,membership,42605
1,6256127,,1,membership,42670
1,6256127,,1,membership,42671
1,6256127,,1,membership,42704
1,6256127,,1,membership,60316
1,6256127,,1,membership,60320
1,6256127,,1,membership,60330
1,6258572,,1,membership,11039
1,6258572,,1,membership,11042
1,6258572,,1,membership,41737
1,6258572,,1,membership,42655
1,6258572,,1,membership,42666
1,6258572,,1,membership,42670
1,6258572,,1,membership,42674
1,6262945,390,2,verified instruction inventory,21353
1,6262945,,1,membership,31153
1,6262945,,1,membership,41744
1,6262945,,1,membership,42655
1,6262945,,1,membership,42670
1,6262945,,1,membership,42680
1,6262945,,1,membership,42687
1,6262945,,1,membership,42699
1,6262945,,1,membership,42704
1,6262945,,1,membership,60316
1,6264986,,1,membership,31384
1,6264986,,1,membership,41731
1,6264986,,1,membership,41759
1,6264986,,1,membership,42624
1,6264986,,1,membership,42646
1,6264986,,1,membership,60330
1,6273853,,1,membership,11370
1,6273853,,1,membership,40878
1,6273853,,1,membership,41737
1,6275088,,1,membership,21353
1,6290505,,1,membership,41736
1,6292786,,1,membership,40878
1,6292786,,1,membership,41731
1,6292786,,1,membership,41759
1,6292786,,1,membership,42624
1,6292786,,1,membership,42646
1,6292786,,1,membership,42649
1,6292786,,1,membership,42670
1,6292786,,1,membership,42674
1,6295078,,1,membership,11042
1,6295078,,1,membership,31153
1,6295366,262,7,verified instruction inventory,21341
1,6297283,,1,membership,10362
1,6298819,,1,membership,42619
1,6298819,,1,membership,42646
1,6299813,,1,membership,41737
1,6299813,,1,membership,42604
1,6299813,,1,membership,42671
1,6299813,,1,membership,42676
1,6299813,,1,membership,42687
1,6299813,,1,membership,60330
1,6300317,259,5,verified instruction inventory,21341
1,6300317,,1,membership,21060
1,6300317,,1,membership,60375
1,6300317,,1,membership,60454
1,6300317,,1,membership,60469
1,6313874,262,3,verified instruction inventory,21341
1,6314091,,1,membership,21353
1,6314091,,1,membership,40619
1,6314091,,1,membership,41743
1,6314091,,1,membership,42603
1,6314091,,1,membership,42623
1,6314091,,1,membership,60330
1,6316569,322,10,verified instruction inventory,42670
1,6316569,,1,membership,42671
1,6339311,,1,membership,41756
1,6339311,,1,membership,42670
1,6339311,,1,membership,60511
1,6343326,,1,membership,21355
1,6343326,,1,membership,40878
1,6343326,,1,membership,41737
1,6343326,,1,membership,41744
1,6343326,,1,membership,42604
1,6343326,,1,membership,42646
1,6343326,,1,membership,42648
1,6357612,,1,membership,21353
1,6357612,,1,membership,31153
1,6357612,,1,membership,40878
1,6357612,,1,membership,42652
1,6357612,,1,membership,42670
1,6361793,,1,membership,76417
1,6369189,,1,membership,10362
1,6369189,,1,membership,42670
1,6369189,,1,membership,42687
1,6369189,,1,membership,42704
1,6372121,,1,membership,31172
1,6372225,,1,membership,42655
1,6372257,,1,membership,31141
1,6372257,,1,membership,31172
1,6372257,,1,membership,31174
1,6372257,,1,membership,42704
1,6377001,,1,membership,42699
1,6377001,,1,membership,42703
1,6377003,,1,membership,42623
1,6378362,,1,membership,41756
1,6378362,,1,membership,42652
1,6378362,,1,membership,42701
1,6378362,,1,membership,42704
1,6378362,,1,membership,60511
1,6382972,,1,membership,11042
1,6382972,,1,membership,42604
1,6397875,,1,membership,42624
1,6397875,,1,membership,42652
1,6400754,,1,membership,11370
1,6400754,,1,membership,21341
1,6400754,,1,membership,21353
1,6400754,,1,membership,30697
1,6400754,,1,membership,42603
1,6400754,,1,membership,42624
1,6400754,,1,membership,42655
1,6400754,,1,membership,42669
1,6400754,,1,membership,42670
1,6400754,,1,membership,42671
1,6420725,,1,membership,42689
1,6420725,,1,membership,60452
1,6422920,,1,membership,11039
1,6422920,,1,membership,11042
1,6422920,,1,membership,42610
1,6422920,,1,membership,42670
1,6426720,,1,membership,42662
1,6427903,,1,membership,11042
1,6442896,,1,membership,42691
1,6447565,262,17,verified instruction inventory,21341
1,6447565,,1,membership,31147
1,6468267,,1,membership,10349
1,6468267,,1,membership,31174
1,6468267,,1,membership,42618
1,6468267,,1,membership,42655
1,6468267,,1,membership,42670
1,6468267,,1,membership,42699
1,6469934,,1,membership,42689
1,6472295,,1,membership,42618
1,6472295,,1,membership,42670
1,6473440,,1,membership,10362
1,6476306,,1,membership,42670
1,6485862,,1,membership,42689
1,6494115,,1,membership,42649
1,6510178,,1,membership,21058
1,6510178,,1,membership,40519
1,6510178,,1,membership,40569
1,6510178,,1,membership,76417
1,6510182,,1,membership,10344
1,6510182,,1,membership,31153
1,6510182,,1,membership,31383
1,6511024,,1,membership,31153
1,6511024,,1,membership,41731
1,6511024,,1,membership,42604
1,6511024,,1,membership,42614
1,6514093,,1,membership,11039
1,6514093,,1,membership,21341
1,6514093,,1,membership,40619
1,6514093,,1,membership,42642
1,6514093,,1,membership,42663
1,6514093,,1,membership,42670
1,6514093,,1,membership,76446
1,6514119,,1,membership,21353
1,6514119,,1,membership,31141
1,6514119,,1,membership,31153
1,6514119,,1,membership,41756
1,6514119,,1,membership,42614
1,6514119,,1,membership,42618
1,6514119,,1,membership,42649
1,6514119,,1,membership,42670
1,6514119,,1,membership,42674
1,6514119,,1,membership,42680
1,6514119,,1,membership,42687
1,6514142,,1,membership,31141
1,6514142,,1,membership,31153
1,6514142,,1,membership,41731
1,6514142,,1,membership,41756
1,6514142,,1,membership,42646
1,6514142,,1,membership,42655
1,6514142,,1,membership,42663
1,6514142,,1,membership,42669
1,6514142,,1,membership,42671
1,6514142,,1,membership,42680
1,6514142,,1,membership,42695
1,6514142,,1,membership,60453
1,6514142,,1,membership,60454
1,6514223,,1,membership,31383
1,6514223,,1,membership,42662
1,6514223,,1,membership,42669
1,6514223,,1,membership,60435
1,6514223,,1,membership,60491
1,6514224,,1,membership,21058
1,6514224,,1,membership,21341
1,6514224,,1,membership,40519
1,6514224,,1,membership,40569
1,6514224,,1,membership,40713
1,6514224,,1,membership,41759
1,6514224,,1,membership,42612
1,6514224,,1,membership,42670
1,6514224,,1,membership,42691
1,6514224,,1,membership,42703
1,6514504,,1,membership,21058
1,6514504,,1,membership,21345
1,6514504,,1,membership,41756
1,6514504,,1,membership,42676
1,6514504,,1,membership,42687
1,663601,390,6,verified instruction inventory,21353
