available,color,element,name,required
7,Blue,243123,FLAT TILE 1X4,3
12,Black,243226,CLAMP 1X2,10
25,White,244501,PLATE 2X12,25
1,Blue,244523,PLATE 2X12,1
11,Black,244526,PLATE 2X12,2
20,White,245301,BRICK 1X1X5,20
11,White,245401,BRICK 1X2X5,11
3,Black,245426,BRICK 1X2X5,3
11,White,246501,BRICK 1X16,11
7,Black,246526,BRICK 1X16,7
23,White,300101,BRICK 2X4,8
22,White,300301,BRICK 2X2,8
8,Red,300321,BRICK 2X2,8
4,Blue,300323,BRICK 2X2,4
6,Yellow,300324,BRICK 2X2,6
10,Black,300326,BRICK 2X2,10
3,Green,300328,BRICK 2X2,3
77,White,300401,BRICK 1X2,76
10,Red,300421,BRICK 1X2,10
8,Blue,300423,BRICK 1X2,8
14,Yellow,300424,BRICK 1X2,14
25,Black,300426,BRICK 1X2,25
77,White,300501,BRICK 1X1,77
7,Red,300521,BRICK 1X1,5
5,Blue,300523,BRICK 1X1,5
11,Yellow,300524,BRICK 1X1,11
10,Black,300526,BRICK 1X1,10
2,Green,300528,BRICK 1X1,2
19,White,300801,BRICK 1X8,19
41,White,300901,BRICK 1X6,41
52,White,301001,BRICK 1X4,41
17,Black,301026,BRICK 1X4,17
42,White,302001,PLATE 2X4,31
34,Black,302026,PLATE 2X4,4
38,White,302101,PLATE 2X3,2
19,Black,302126,PLATE 2X3,6
53,White,302201,PLATE 2X2,7
12,Red,302221,PLATE 2X2,12
7,Blue,302223,PLATE 2X2,7
13,Yellow,302224,PLATE 2X2,13
24,Black,302226,PLATE 2X2,24
5,Green,302228,PLATE 2X2,5
132,White,302301,PLATE 1X2,17
16,Blue,302323,PLATE 1X2,4
43,Black,302326,PLATE 1X2,4
11,Green,302328,PLATE 1X2,11
108,White,302401,PLATE 1X1,104
22,Black,302426,PLATE 1X1,3
4,Green,302428,PLATE 1X1,2
4,Black,302826,PLATE 6X12,4
7,Black,302926,PLATE 4X12,7
4,Black,303026,PLATE 4X10,1
12,White,303201,PLATE 4X6,12
2,Blue,303223,PLATE 4X6,2
2,Black,303326,PLATE 6X10,2
24,White,303401,PLATE 2X8,24
6,White,303501,PLATE 4X8,6
6,Black,303626,PLATE 6X8,6
10,Black,306226,ROUND BRICK 1X1,6
56,White,306901,FLAT TILE 1X2,11
11,Blue,306923,FLAT TILE 1X2,3
31,White,307001,FLAT TILE 1X1,15
19,Black,307026,FLAT TILE 1X1,6
30,White,346001,PLATE 1X8,21
29,White,362201,BRICK 1X3,13
11,Black,362226,BRICK 1X3,11
44,White,362301,PLATE 1X3,7
60,White,366601,PLATE 1X6,9
70,White,371001,PLATE 1X4,9
9,Green,371028,PLATE 1X4,8
23,White,379501,PLATE 2X6,23
9,White,383201,PLATE 2X10,9
8,Black,395826,PLATE 6X6,1
3,Green,4107736,BRICK 1X2,3
11,Tan,4109995,BRICK 1X2,5
6,Tan,4112980,BRICK 1X1X5,4
48,Tan,4112982,BRICK 1X6,48
57,Tan,4113233,PLATE 1X4,2
17,Tan,4113915,BRICK 1X1,17
30,Tan,4113916,BRICK 1X4,30
17,Tan,4113993,PLATE 2X6,1
5,Tan,4114001,PLATE 4X6,1
53,Tan,4114026,FLAT TILE 1X2,50
6,Tan,4114064,BRICK 1X2X5,6
10,Tan,4114306,BRICK 2X2,10
13,Tan,4114319,BRICK 2X4,13
9,White,4119227,PLATE 2X16,9
6,Orange,4121739,BRICK 1X2,6
7,Tan,4124456,RADIATOR GRILLE 1X2,7
6,Tan,4125217,PLATE 6X6,1
16,Tan,4125253,FLAT TILE 1X1,16
17,Tan,4143409,PLATE 1X10,12
2,Orange,4153825,BRICK 2X2,2
14,Tan,4157277,FLAT TILE 1X6,10
73,Tan,4159553,PLATE 1X1,66
7,Tan,4159739,BRICK 2X3,7
5,Tan,4159774,BRICK 1X8,5
36,White,416201,FLAT TILE 1X8,26
3,Blue,416223,FLAT TILE 1X8,1
13,Tan,4162465,BRICK 1X3,13
2,Tan,4166138,BRICK 1X10,2
3,Light Bluish Gray,4166618,PLATE 8X8,3
1,Black,4166619,PLATE 8X8,1
10,Tan,4181134,BRICK 2X6,10
15,White,4181142,BRICK 2X6,13
44,Tan,4185177,FLAT TILE 2X2,40
9,Blue,4206330,FLAT TILE 1X1,1
4,Dark Bluish Gray,4210706,PLATE 4X12,4
3,Dark Bluish Gray,4210720,PLATE 6X14,3
2,Dark Bluish Gray,4210783,BRICK 1X16,2
7,Dark Bluish Gray,4210794,PLATE 6X8,7
6,Dark Bluish Gray,4210796,PLATE 2X16,3
3,Dark Bluish Gray,4210798,BRICK 1X12,3
2,Dark Bluish Gray,4210802,PLATE 8X8,2
1,Dark Bluish Gray,4210875,BRICK 2X6,1
13,Dark Bluish Gray,4210997,PLATE 2X8,3
14,Dark Bluish Gray,4210998,PLATE 1X8,14
4,Dark Bluish Gray,4211054,ROOF TILE 2X2/45°,4
3,Dark Bluish Gray,4211060,BRICK 2X2,3
10,Dark Bluish Gray,4211061,PLATE 4X8,2
16,Dark Bluish Gray,4211065,PLATE 2X4,13
6,Dark Bluish Gray,4211085,BRICK 2X4,6
8,Dark Bluish Gray,4211088,BRICK 1X2,8
2,Dark Bluish Gray,4211099,BRICK 1X8,2
9,Dark Bluish Gray,4211100,BRICK 1X6,9
18,Dark Bluish Gray,4211103,BRICK 1X4,18
5,Dark Bluish Gray,4211105,BRICK 2X3,5
2,Dark Bluish Gray,4211107,BRICK 1X10,2
5,Dark Bluish Gray,4211114,PLATE 6X10,5
1,Dark Bluish Gray,4211122,PLATE 4X10,1
10,Reddish Brown,4211149,BRICK 1X2,10
17,Reddish Brown,4211151,FLAT TILE 1X2,2
9,Reddish Brown,4211183,ROUND BRICK 1X1,6
17,Reddish Brown,4211186,PLATE 2X4,15
6,Reddish Brown,4211194,FLAT TILE 1X4,6
66,Reddish Brown,4211202,ROOF TILE 2X2/45°,66
8,Reddish Brown,4211204,FLAT TILE 1X6,8
2,Reddish Brown,4211207,PLATE 4X8,2
8,Reddish Brown,4211210,BRICK 2X2,8
2,Reddish Brown,4211211,PLATE 2X8,2
2,Reddish Brown,4211214,PLATE 2X10,2
10,Reddish Brown,4211220,BRICK 1X3,6
7,Reddish Brown,4211225,BRICK 1X4,7
8,Reddish Brown,4211242,BRICK 1X1,8
6,Reddish Brown,4211247,PLATE 2X6,6
4,Light Bluish Gray,4211362,BRICK 1X1X5,4
3,Light Bluish Gray,4211363,BRICK 1X2X5,3
4,Light Bluish Gray,4211366,BRICK 1X16,4
13,Light Bluish Gray,4211385,BRICK 2X4,13
11,Light Bluish Gray,4211386,BRICK 2X3,11
18,Light Bluish Gray,4211387,BRICK 2X2,18
26,Light Bluish Gray,4211388,BRICK 1X2,15
25,Light Bluish Gray,4211389,BRICK 1X1,1
9,Light Bluish Gray,4211392,BRICK 1X8,9
5,Light Bluish Gray,4211393,BRICK 1X6,5
29,Light Bluish Gray,4211394,BRICK 1X4,29
25,Light Bluish Gray,4211395,PLATE 2X4,25
13,Light Bluish Gray,4211396,PLATE 2X3,2
50,Light Bluish Gray,4211398,PLATE 1X2,1
3,Light Bluish Gray,4211400,PLATE 6X12,3
6,Light Bluish Gray,4211401,PLATE 4X12,5
7,Light Bluish Gray,4211405,PLATE 6X10,7
11,Light Bluish Gray,4211406,PLATE 2X8,11
10,Light Bluish Gray,4211408,PLATE 6X8,4
5,Light Bluish Gray,4211410,ROOF TILE 2X2/45°,5
9,Light Bluish Gray,4211425,PLATE 1X8,9
15,Light Bluish Gray,4211428,BRICK 1X3,15
32,Light Bluish Gray,4211445,PLATE 1X4,12
5,Light Bluish Gray,4211521,BRICK 1X10,5
5,Light Bluish Gray,4211522,BRICK 1X12,5
14,Light Bluish Gray,4211795,BRICK 2X6,14
1,Red,4212410,BRICK 1X1X5,1
2,Red,4212414,BRICK 1X2X5,2
13,Reddish Brown,4216695,PLATE 2X2,8
6,Reddish Brown,4223683,PLATE 1X10,4
11,Black,4225201,PLATE 1X2 W. STICK 3.18,8
1,Reddish Brown,4225715,PLATE 4X10,1
2,Reddish Brown,4226966,BRICK 1X1X5,2
11,White,4243812,PLATE 4X4,11
3,Reddish Brown,4243838,PLATE 4X4,2
2,Dark Green,4245570,BRICK 1X2,2
2,Dark Tan,4247145,BRICK 2X4,2
3,Dark Tan,4247151,BRICK 1X6,3
10,Tan,4249019,PLATE 2X10,2
11,Light Bluish Gray,4251149,PLATE 1X10,11
5,Dark Tan,4255416,BRICK 2X2,5
7,Reddish Brown,4271874,PLATE 4X6,2
4,Reddish Brown,4271949,FLAT TILE 2X2,4
2,Reddish Brown,4277016,BRICK 1X2X5,2
7,Black,428226,PLATE 2X16,2
2,Light Bluish Gray,4293831,PLATE 6X14,2
1,Tan,4295313,BRICK 1X16,1
24,White,447701,PLATE 1X10,24
11,Tan,4509897,PLATE 4X8,1
13,White,4514842,PLATE 1X12,13
5,Light Bluish Gray,4514846,PLATE 1X12,5
1,Dark Brown,4518687,PLATE 2X6,1
33,Dark Brown,4519946,PLATE 1X8,7
5,Dark Tan,4521914,BRICK 1X2,4
2,Dark Green,4521915,BRICK 1X1,2
14,White,4528341,PLATE 6X10,4
10,Black,4530589,FRAME 1X4X3,8
13,White,4530590,FRAME 1X4X3,10
8,Tan,4544139,FLAT TILE 1X8,8
20,Tan,4550324,FLAT TILE 1X4,19
30,White,4558168,FLAT TILE 1X3,6
35,White,4558952,BRICK 1X1 W. 1 KNOB,1
4,Black,4566308,BRICK 1X1X5,4
7,Tan,4579260,BRICK 1X1 W. 1 KNOB,7
4,Reddish Brown,4579690,FLAT TILE 2X4,4
13,Reddish Brown,4585337,FLAT TILE 1X8,13
4,Light Bluish Gray,4598522,PLATE 8X16,4
5,Tan,4624185,PLATE 6X10,5
5,Tan,4624223,PLATE 8X8,5
3,White,4624911,PLATE 8X8,3
1,Bright Green,4647553,BRICK 1X2,1
4,White,4659665,MUG,2
2,Dark Bluish Gray,6000311,Profile brick 1x2 single gro.,2
5,Dark Tan,6001822,BRICK 1X4,5
4,Dark Green,6013102,PLATE 1X2,4
2,Tan,6030980,PLATE 2X16,2
2,White,6033776,BRICK 2X8,2
1,Blue,6037384,BRICK 2X8,1
2,Black,6037390,BRICK 2X8,2
2,Tan,6037398,BRICK 2X8,2
4,Light Bluish Gray,6037399,BRICK 2X8,4
6,Tan,6037834,PLATE 4X10,1
2,Blue,6055104,BRICK 1X2X5,2
4,Reddish Brown,6055145,PLATE 1X12,4
4,Dark Green,6055169,PLATE 1X1,4
29,White,6055541,BRICK 1X1X3,29
17,Tan,6057517,BRICK 1X1X3,4
44,Dark Brown,6058221,PLATE 1X2,20
4,Red,6061700,BRICK 1X1X3,4
5,Light Bluish Gray,6061702,BRICK 1X1X3,5
1,Reddish Brown,6065139,PLATE 4X12,1
4,Black,6065496,BRICK 1X1X3,4
7,Tan,6075179,BRICK 1X12,7
3,Black,6094066,PLATE 8X16,3
16,Bright Light Blue,6097861,FLAT TILE 1X2,16
6,Reddish Brown,6100769,FLAT TILE 1X3,6
24,White,6106183,BRICK W. INSIDE BOW 1X6X2,22
6,White,611101,BRICK 1X10,6
6,White,611201,BRICK 1X12,6
22,Tan,6122047,FLAT TILE 2X4,22
14,Tan,6131896,FLAT TILE 1X3,12
7,Tan,6146877,"WALL ELEMENT 1X4X3, ABS",6
10,Tan,6156462,PLATE 1X12,10
5,Dark Tan,6156492,PLATE 1X8,1
1,Bright Light Blue,6162894,FLAT TILE 2X2,1
5,Reddish Brown,6177699,BRICK 1X1X3,5
1,Dark Tan,6184880,ROOF TILE 2X2/45°,1
1,Dark Bluish Gray,6187438,BRICK 2X8,1
5,Dark Brown,6194729,PLATE 1X1,3
8,Lavender,6209673,ROUND BRICK 1X1,6
13,Bright Pink,6212501,FLOWER 1X1,10
12,Dark Turquoise,6213779,FLAT TILE 1X2,12
10,Dark Turquoise,6213782,FLAT TILE 1X1,10
1,Dark Turquoise,6213787,FLAT TILE 1X3,1
2,Dark Green,6214611,BRICK 2X2,2
8,Dark Turquoise,6223065,FLAT TILE 2X4,8
2,Dark Brown,6226437,BRICK 1X1,2
20,Green,6229130,"PLANT, W/ PLATE 1X1, NO. 1",8
2,Trans-Clear,6254254,FLAT TILE 1X1,2
4,Trans-Light Blue,6254256,FLAT TILE 1X1,4
16,White,6262945,FRAME 1X4X6,11
6,Dark Turquoise,6264986,FLAT TILE 1X6,6
7,Dark Turquoise,6273853,FLAT TILE 2X2,7
9,Dark Turquoise,6292786,FLAT TILE 1X4,9
19,Dark Brown,6295366,FLAT TILE 1X6,19
6,Yellow,6299813,FLOWER 1X1,6
12,Black,6310268,"PLATE 1X2 W/HOLDER, VERTICAL",8
4,Dark Brown,6313874,FLAT TILE 1X4,4
11,Bright Light Blue,6316569,FLAT TILE 1X1,11
11,Bright Green,6343326,PLATE 1X2,7
5,Bright Green,6357612,PLATE 2X2,5
1,Reddish Brown,6361793,Profile brick 1x2 single gro.,1
1,Bright Light Blue,6372121,FLAT TILE 1X8,1
1,Bright Light Blue,6372225,FLAT TILE 1X3,1
4,Bright Light Blue,6372257,FLAT TILE 2X4,4
2,Red,6378410,BRICK 1X16,2
11,Dark Green,6400754,"PLANT, W/ PLATE 1X1, NO. 1",10
1,Blue,6432006,BRICK 1X16,1
1,Bright Green,6442896,BRICK 2X2,1
18,Dark Brown,6447565,FLAT TILE 1X8,18
14,Dark Brown,6447571,PLATE 4X8,2
6,Bright Light Blue,6468267,FLAT TILE 1X4,6
1,Blue,6469934,BRICK 1X1X3,1
4,Trans-Light Blue,6510178,FLAT TILE 1X4,4
3,Trans-Clear,6510182,FLAT TILE 1X4,3
12,Trans-Clear,6514119,GLASS DOOR FÜR FRAME 1X4X6,11
13,Trans-Clear,6514142,GLASS FOR FRAME 1X4X3,13
5,Trans-Clear,6514223,FLAT TILE 1X2,5
10,Trans-Light Blue,6514224,FLAT TILE 1X2,10
39,White,663601,FLAT TILE 1X6,5
